Country,Code,Year,GDP per capita
Afghanistan,AFG,2000,502.37
Afghanistan,AFG,2001,489.68
Afghanistan,AFG,2002,796.82
Afghanistan,AFG,2003,842.81
Afghanistan,AFG,2004,869.04
Afghanistan,AFG,2005,964.41
Afghanistan,AFG,2006,1057.1
Afghanistan,AFG,2007,1260
Afghanistan,AFG,2008,1319.61
Afghanistan,AFG,2009,1557.32
Afghanistan,AFG,2010,1627.67
Afghanistan,AFG,2011,1792
Afghanistan,AFG,2012,1945
Afghanistan,AFG,2013,2025
Afghanistan,AFG,2014,2022
Afghanistan,AFG,2015,1928
Afghanistan,AFG,2016,1929
Afghanistan,AFG,2017,2014.75
Afghanistan,AFG,2018,1934.56
Albania,ALB,2000,4808.48
Albania,ALB,2001,5285.81
Albania,ALB,2002,5608.96
Albania,ALB,2003,6004.65
Albania,ALB,2004,6419.87
Albania,ALB,2005,6858.47
Albania,ALB,2006,7347.33
Albania,ALB,2007,7866.16
Albania,ALB,2008,8522.13
Albania,ALB,2009,8859.47
Albania,ALB,2010,9222.97
Albania,ALB,2011,9484
Albania,ALB,2012,9592
Albania,ALB,2013,9660
Albania,ALB,2014,9808
Albania,ALB,2015,10032
Albania,ALB,2016,10342
Albania,ALB,2017,10702.12
Albania,ALB,2018,11104.17
Algeria,DZA,2000,6834.55
Algeria,DZA,2001,7218.25
Algeria,DZA,2002,7814.84
Algeria,DZA,2003,8590.18
Algeria,DZA,2004,9182.29
Algeria,DZA,2005,9969.62
Algeria,DZA,2006,10385.78
Algeria,DZA,2007,10974.74
Algeria,DZA,2008,11475
Algeria,DZA,2009,11907.02
Algeria,DZA,2010,12587.74
Algeria,DZA,2011,13204
Algeria,DZA,2012,13379
Algeria,DZA,2013,13494
Algeria,DZA,2014,13744
Algeria,DZA,2015,14004
Algeria,DZA,2016,14331
Algeria,DZA,2017,14267.23
Algeria,DZA,2018,14228.03
Angola,AGO,2000,2013.64
Angola,AGO,2001,2162.49
Angola,AGO,2002,2522.67
Angola,AGO,2003,2711.93
Angola,AGO,2004,3064.3
Angola,AGO,2005,3708.77
Angola,AGO,2006,4592.34
Angola,AGO,2007,5773.55
Angola,AGO,2008,6743.75
Angola,AGO,2009,7087.6
Angola,AGO,2010,7520.67
Angola,AGO,2011,8016
Angola,AGO,2012,8190
Angola,AGO,2013,8508
Angola,AGO,2014,8673
Angola,AGO,2015,8689
Angola,AGO,2016,8453
Angola,AGO,2017,8146.44
Angola,AGO,2018,7771.44
Argentina,ARG,2000,14368.94
Argentina,ARG,2001,13651.98
Argentina,ARG,2002,12094.77
Argentina,ARG,2003,13088.57
Argentina,ARG,2004,14183.23
Argentina,ARG,2005,15344.16
Argentina,ARG,2006,16490.47
Argentina,ARG,2007,17891.94
Argentina,ARG,2008,18520.3
Argentina,ARG,2009,17328.98
Argentina,ARG,2010,18979.99
Argentina,ARG,2011,20003
Argentina,ARG,2012,19599
Argentina,ARG,2013,19873
Argentina,ARG,2014,19183
Argentina,ARG,2015,19502
Argentina,ARG,2016,18875
Argentina,ARG,2017,19200.91
Argentina,ARG,2018,18556.38
Armenia,ARM,2000,5139.83
Armenia,ARM,2001,5457.51
Armenia,ARM,2002,6082.15
Armenia,ARM,2003,6743.24
Armenia,ARM,2004,7229.65
Armenia,ARM,2005,8006.96
Armenia,ARM,2006,8798.75
Armenia,ARM,2007,9713.21
Armenia,ARM,2008,10080.81
Armenia,ARM,2009,8399.09
Armenia,ARM,2010,8330.81
Armenia,ARM,2011,8465
Armenia,ARM,2012,9077
Armenia,ARM,2013,9385
Armenia,ARM,2014,9735
Armenia,ARM,2015,10042
Armenia,ARM,2016,10080
Armenia,ARM,2017,10859.38
Armenia,ARM,2018,11454.43
Australia,AUS,2000,36603.05
Australia,AUS,2001,37275.99
Australia,AUS,2002,38567.07
Australia,AUS,2003,39523.66
Australia,AUS,2004,40887.73
Australia,AUS,2005,41904.45
Australia,AUS,2006,42650.99
Australia,AUS,2007,44033.58
Australia,AUS,2008,44421.64
Australia,AUS,2009,44686.54
Australia,AUS,2010,45400.22
Australia,AUS,2011,46132
Australia,AUS,2012,46999
Australia,AUS,2013,47250
Australia,AUS,2014,47867
Australia,AUS,2015,48357
Australia,AUS,2016,48845
Australia,AUS,2017,49265.61
Australia,AUS,2018,49830.8
Austria,AUT,2000,34796.26
Austria,AUT,2001,35272.22
Austria,AUT,2002,35823.59
Austria,AUT,2003,36063.12
Austria,AUT,2004,36957.11
Austria,AUT,2005,37642.76
Austria,AUT,2006,38866.85
Austria,AUT,2007,40305.27
Austria,AUT,2008,40964.79
Austria,AUT,2009,39463.66
Austria,AUT,2010,40288.35
Austria,AUT,2011,41446
Austria,AUT,2012,41565
Austria,AUT,2013,41375
Austria,AUT,2014,41338
Austria,AUT,2015,41294
Austria,AUT,2016,41445
Austria,AUT,2017,42177.37
Austria,AUT,2018,42988.07
Azerbaijan,AZE,2000,4214.89
Azerbaijan,AZE,2001,4498.79
Azerbaijan,AZE,2002,4880.4
Azerbaijan,AZE,2003,5408.52
Azerbaijan,AZE,2004,5971.47
Azerbaijan,AZE,2005,7553.63
Azerbaijan,AZE,2006,10160.35
Azerbaijan,AZE,2007,12699.5
Azerbaijan,AZE,2008,14072.63
Azerbaijan,AZE,2009,15384.29
Azerbaijan,AZE,2010,16153.84
Azerbaijan,AZE,2011,16176
Azerbaijan,AZE,2012,16359
Azerbaijan,AZE,2013,17133
Azerbaijan,AZE,2014,17439
Azerbaijan,AZE,2015,17460
Azerbaijan,AZE,2016,16645
Azerbaijan,AZE,2017,16522.31
Azerbaijan,AZE,2018,16628.06
Bahrain,BHR,2000,17021.72
Bahrain,BHR,2001,18152.96
Bahrain,BHR,2002,19487.84
Bahrain,BHR,2003,21391.61
Bahrain,BHR,2004,23389.6
Bahrain,BHR,2005,25230.9
Bahrain,BHR,2006,26840.12
Bahrain,BHR,2007,28884.7
Bahrain,BHR,2008,30612.5
Bahrain,BHR,2009,31729.57
Bahrain,BHR,2010,34057.71
Bahrain,BHR,2011,36372
Bahrain,BHR,2012,36949
Bahrain,BHR,2013,38493
Bahrain,BHR,2014,39799
Bahrain,BHR,2015,40483
Bahrain,BHR,2016,41078
Bahrain,BHR,2017,40695.72
Bahrain,BHR,2018,39498.77
Bangladesh,BGD,2000,1485.31
Bangladesh,BGD,2001,1551.2
Bangladesh,BGD,2002,1621.27
Bangladesh,BGD,2003,1710.73
Bangladesh,BGD,2004,1812.62
Bangladesh,BGD,2005,1925.61
Bangladesh,BGD,2006,2057.7
Bangladesh,BGD,2007,2194.42
Bangladesh,BGD,2008,2321.05
Bangladesh,BGD,2009,2448.89
Bangladesh,BGD,2010,2599.21
Bangladesh,BGD,2011,2772
Bangladesh,BGD,2012,2914
Bangladesh,BGD,2013,3057
Bangladesh,BGD,2014,3217
Bangladesh,BGD,2015,3402
Bangladesh,BGD,2016,3604
Bangladesh,BGD,2017,3837.05
Bangladesh,BGD,2018,4099.25
Barbados,BRB,2000,12600.02
Barbados,BRB,2001,12112.18
Barbados,BRB,2002,12025.47
Barbados,BRB,2003,12094.82
Barbados,BRB,2004,12078.74
Barbados,BRB,2005,12379.45
Barbados,BRB,2006,12889.88
Barbados,BRB,2007,12917.44
Barbados,BRB,2008,12786.11
Barbados,BRB,2009,12094.32
Barbados,BRB,2010,11954.32
Barbados,BRB,2011,11870
Barbados,BRB,2012,11860
Barbados,BRB,2013,11809
Barbados,BRB,2014,11780
Barbados,BRB,2015,11849
Barbados,BRB,2016,12003
Barbados,BRB,2017,12061.1
Barbados,BRB,2018,11995.19
Belarus,BLR,2000,9110.98
Belarus,BLR,2001,9462.37
Belarus,BLR,2002,9870.31
Belarus,BLR,2003,10492.99
Belarus,BLR,2004,11615.69
Belarus,BLR,2005,12629.56
Belarus,BLR,2006,13792.55
Belarus,BLR,2007,14856.96
Belarus,BLR,2008,16224
Belarus,BLR,2009,16088.73
Belarus,BLR,2010,17172.46
Belarus,BLR,2011,17918
Belarus,BLR,2012,18251
Belarus,BLR,2013,18464
Belarus,BLR,2014,18822
Belarus,BLR,2015,18136
Belarus,BLR,2016,17628
Belarus,BLR,2017,18113.38
Belarus,BLR,2018,18727.32
Belgium,BEL,2000,33719.77
Belgium,BEL,2001,33923.34
Belgium,BEL,2002,34419.69
Belgium,BEL,2003,34588.48
Belgium,BEL,2004,35740.35
Belgium,BEL,2005,36338.38
Belgium,BEL,2006,37051.9
Belgium,BEL,2007,38082.87
Belgium,BEL,2008,38117.35
Belgium,BEL,2009,36998.65
Belgium,BEL,2010,37739.33
Belgium,BEL,2011,38130
Belgium,BEL,2012,37906
Belgium,BEL,2013,37737
Belgium,BEL,2014,38228
Belgium,BEL,2015,38569
Belgium,BEL,2016,38766
Belgium,BEL,2017,39352.16
Belgium,BEL,2018,39756.2
Benin,BEN,2000,1908.94
Benin,BEN,2001,1928.1
Benin,BEN,2002,1934.4
Benin,BEN,2003,1919.62
Benin,BEN,2004,1923.72
Benin,BEN,2005,1875.92
Benin,BEN,2006,1870.53
Benin,BEN,2007,1904.55
Benin,BEN,2008,1920.31
Benin,BEN,2009,1888.78
Benin,BEN,2010,1854.67
Benin,BEN,2011,1836
Benin,BEN,2012,1867
Benin,BEN,2013,1939
Benin,BEN,2014,2008
Benin,BEN,2015,2055
Benin,BEN,2016,2080
Benin,BEN,2017,2141.57
Benin,BEN,2018,2220.18
Bolivia,BOL,2000,4173.55
Bolivia,BOL,2001,4166.49
Bolivia,BOL,2002,4193.75
Bolivia,BOL,2003,4230.37
Bolivia,BOL,2004,4330.56
Bolivia,BOL,2005,4445.35
Bolivia,BOL,2006,4581.9
Bolivia,BOL,2007,4713.45
Bolivia,BOL,2008,4924.03
Bolivia,BOL,2009,5011.34
Bolivia,BOL,2010,5141.76
Bolivia,BOL,2011,5331
Bolivia,BOL,2012,5511
Bolivia,BOL,2013,5789
Bolivia,BOL,2014,6007
Bolivia,BOL,2015,6200
Bolivia,BOL,2016,6355
Bolivia,BOL,2017,6521.37
Bolivia,BOL,2018,6695.77
Bosnia and Herzegovina,BIH,2000,7082.04
Bosnia and Herzegovina,BIH,2001,7129.39
Bosnia and Herzegovina,BIH,2002,7391.59
Bosnia and Herzegovina,BIH,2003,7551.41
Bosnia and Herzegovina,BIH,2004,7857.38
Bosnia and Herzegovina,BIH,2005,8057.68
Bosnia and Herzegovina,BIH,2006,8410.8
Bosnia and Herzegovina,BIH,2007,8811.86
Bosnia and Herzegovina,BIH,2008,9199.26
Bosnia and Herzegovina,BIH,2009,9018.51
Bosnia and Herzegovina,BIH,2010,8982.46
Bosnia and Herzegovina,BIH,2011,8961
Bosnia and Herzegovina,BIH,2012,8873
Bosnia and Herzegovina,BIH,2013,9093
Bosnia and Herzegovina,BIH,2014,9201
Bosnia and Herzegovina,BIH,2015,9495
Bosnia and Herzegovina,BIH,2016,9746
Bosnia and Herzegovina,BIH,2017,10069.24
Bosnia and Herzegovina,BIH,2018,10460.52
Botswana,BWA,2000,8044.14
Botswana,BWA,2001,8082.82
Botswana,BWA,2002,8604.07
Botswana,BWA,2003,9042.52
Botswana,BWA,2004,9329.51
Botswana,BWA,2005,9798.09
Botswana,BWA,2006,10665.68
Botswana,BWA,2007,11602.07
Botswana,BWA,2008,12385.15
Botswana,BWA,2009,11494.76
Botswana,BWA,2010,12544.73
Botswana,BWA,2011,13376
Botswana,BWA,2012,13743
Botswana,BWA,2013,14853
Botswana,BWA,2014,15082
Botswana,BWA,2015,14805
Botswana,BWA,2016,15198
Botswana,BWA,2017,15397.43
Botswana,BWA,2018,15842.13
Brazil,BRA,2000,9834.42
Brazil,BRA,2001,9953.31
Brazil,BRA,2002,10245.07
Brazil,BRA,2003,10354.6
Brazil,BRA,2004,10949.66
Brazil,BRA,2005,11305.77
Brazil,BRA,2006,11766.61
Brazil,BRA,2007,12500.01
Brazil,BRA,2008,13164.01
Brazil,BRA,2009,13180.89
Brazil,BRA,2010,14215.61
Brazil,BRA,2011,14831
Brazil,BRA,2012,14985
Brazil,BRA,2013,15306
Brazil,BRA,2014,15258
Brazil,BRA,2015,15826
Brazil,BRA,2016,13873
Brazil,BRA,2017,13951.6
Brazil,BRA,2018,14033.57
Bulgaria,BGR,2000,8410.8
Bulgaria,BGR,2001,8832.29
Bulgaria,BGR,2002,9471.77
Bulgaria,BGR,2003,10080.78
Bulgaria,BGR,2004,10853.79
Bulgaria,BGR,2005,11758.08
Bulgaria,BGR,2006,12706.18
Bulgaria,BGR,2007,13785.23
Bulgaria,BGR,2008,14761.71
Bulgaria,BGR,2009,14363.26
Bulgaria,BGR,2010,14686.46
Bulgaria,BGR,2011,15112
Bulgaria,BGR,2012,15204
Bulgaria,BGR,2013,15420
Bulgaria,BGR,2014,15711
Bulgaria,BGR,2015,16373
Bulgaria,BGR,2016,17037
Bulgaria,BGR,2017,17763.69
Bulgaria,BGR,2018,18444.26
Burkina Faso,BFA,2000,1275.48
Burkina Faso,BFA,2001,1283.38
Burkina Faso,BFA,2002,1255.56
Burkina Faso,BFA,2003,1277.58
Burkina Faso,BFA,2004,1268.69
Burkina Faso,BFA,2005,1309.98
Burkina Faso,BFA,2006,1322.64
Burkina Faso,BFA,2007,1308.52
Burkina Faso,BFA,2008,1315.45
Burkina Faso,BFA,2009,1287.37
Burkina Faso,BFA,2010,1326.2
Burkina Faso,BFA,2011,1344
Burkina Faso,BFA,2012,1388
Burkina Faso,BFA,2013,1422
Burkina Faso,BFA,2014,1437
Burkina Faso,BFA,2015,1450
Burkina Faso,BFA,2016,1483
Burkina Faso,BFA,2017,1530.2
Burkina Faso,BFA,2018,1589.62
Burundi,BDI,2000,739.76
Burundi,BDI,2001,730.43
Burundi,BDI,2002,737.29
Burundi,BDI,2003,703.56
Burundi,BDI,2004,709.74
Burundi,BDI,2005,691.62
Burundi,BDI,2006,703.36
Burundi,BDI,2007,700.96
Burundi,BDI,2008,708.68
Burundi,BDI,2009,709.03
Burundi,BDI,2010,717.61
Burundi,BDI,2011,719
Burundi,BDI,2012,727
Burundi,BDI,2013,738
Burundi,BDI,2014,748
Burundi,BDI,2015,694
Burundi,BDI,2016,665
Burundi,BDI,2017,671.32
Burundi,BDI,2018,651.36
Cambodia,KHM,2000,1659.09
Cambodia,KHM,2001,1726.47
Cambodia,KHM,2002,1770.96
Cambodia,KHM,2003,1850.2
Cambodia,KHM,2004,1965.88
Cambodia,KHM,2005,2144.85
Cambodia,KHM,2006,2286.38
Cambodia,KHM,2007,2422.76
Cambodia,KHM,2008,2482.01
Cambodia,KHM,2009,2433.31
Cambodia,KHM,2010,2426.69
Cambodia,KHM,2011,2496
Cambodia,KHM,2012,2634
Cambodia,KHM,2013,2782
Cambodia,KHM,2014,2930
Cambodia,KHM,2015,3086
Cambodia,KHM,2016,3251
Cambodia,KHM,2017,3425.39
Cambodia,KHM,2018,3628.56
Cameroon,CMR,2000,1961.09
Cameroon,CMR,2001,2028.55
Cameroon,CMR,2002,2084.92
Cameroon,CMR,2003,2143.98
Cameroon,CMR,2004,2198.24
Cameroon,CMR,2005,2222.91
Cameroon,CMR,2006,2269.52
Cameroon,CMR,2007,2315.61
Cameroon,CMR,2008,2352.8
Cameroon,CMR,2009,2370.13
Cameroon,CMR,2010,2420.13
Cameroon,CMR,2011,2494
Cameroon,CMR,2012,2541
Cameroon,CMR,2013,2612
Cameroon,CMR,2014,2696
Cameroon,CMR,2015,2778
Cameroon,CMR,2016,2828
Cameroon,CMR,2017,2850.27
Cameroon,CMR,2018,2888.05
Canada,CAN,2000,36942.56
Canada,CAN,2001,37307.21
Canada,CAN,2002,38123.99
Canada,CAN,2003,38559.98
Canada,CAN,2004,39491.57
Canada,CAN,2005,40485.02
Canada,CAN,2006,41247.15
Canada,CAN,2007,41806.87
Canada,CAN,2008,41896.43
Canada,CAN,2009,40312.62
Canada,CAN,2010,41209.43
Canada,CAN,2011,42197
Canada,CAN,2012,42445
Canada,CAN,2013,42994
Canada,CAN,2014,43607
Canada,CAN,2015,43619
Canada,CAN,2016,43745
Canada,CAN,2017,44591.64
Canada,CAN,2018,44868.74
Cape Verde,CPV,2000,3583.59
Cape Verde,CPV,2001,3799.03
Cape Verde,CPV,2002,3998.26
Cape Verde,CPV,2003,4185.49
Cape Verde,CPV,2004,4368.05
Cape Verde,CPV,2005,4659.4
Cape Verde,CPV,2006,5140.87
Cape Verde,CPV,2007,5597.85
Cape Verde,CPV,2008,5985.11
Cape Verde,CPV,2009,5926.51
Cape Verde,CPV,2010,6033.72
Cape Verde,CPV,2011,6295
Cape Verde,CPV,2012,6273
Cape Verde,CPV,2013,6234
Cape Verde,CPV,2014,6262
Cape Verde,CPV,2015,6266
Cape Verde,CPV,2016,6418
Cape Verde,CPV,2017,6576.94
Cape Verde,CPV,2018,6831.22
Central African Republic,CAF,2000,963.95
Central African Republic,CAF,2001,952.51
Central African Republic,CAF,2002,928.77
Central African Republic,CAF,2003,845.51
Central African Republic,CAF,2004,853.18
Central African Republic,CAF,2005,858.52
Central African Republic,CAF,2006,881.49
Central African Republic,CAF,2007,897.48
Central African Republic,CAF,2008,901.85
Central African Republic,CAF,2009,898.7
Central African Republic,CAF,2010,910.31
Central African Republic,CAF,2011,909
Central African Republic,CAF,2012,916
Central African Republic,CAF,2013,567
Central African Republic,CAF,2014,561
Central African Republic,CAF,2015,576
Central African Republic,CAF,2016,589
Central African Republic,CAF,2017,606.7
Central African Republic,CAF,2018,623.49
Chad,TCD,2000,716.04
Chad,TCD,2001,783.06
Chad,TCD,2002,831.83
Chad,TCD,2003,925.51
Chad,TCD,2004,1200.27
Chad,TCD,2005,1266.11
Chad,TCD,2006,1225.52
Chad,TCD,2007,1422.34
Chad,TCD,2008,1422.23
Chad,TCD,2009,1533.18
Chad,TCD,2010,1720.33
Chad,TCD,2011,1661
Chad,TCD,2012,1793
Chad,TCD,2013,1888
Chad,TCD,2014,2279
Chad,TCD,2015,2384
Chad,TCD,2016,2189
Chad,TCD,2017,2066.35
Chad,TCD,2018,2046.36
Chile,CHL,2000,15211.62
Chile,CHL,2001,15448.01
Chile,CHL,2002,15509.82
Chile,CHL,2003,15809.18
Chile,CHL,2004,16478.97
Chile,CHL,2005,17137.49
Chile,CHL,2006,17920.8
Chile,CHL,2007,18487.9
Chile,CHL,2008,18804.03
Chile,CHL,2009,18184.48
Chile,CHL,2010,18909.85
Chile,CHL,2011,19705
Chile,CHL,2012,20531
Chile,CHL,2013,21135
Chile,CHL,2014,21335
Chile,CHL,2015,21589
Chile,CHL,2016,21696
Chile,CHL,2017,21650.39
Chile,CHL,2018,22104.77
China,CHN,2000,4730.35
China,CHN,2001,4995.14
China,CHN,2002,5343.11
China,CHN,2003,5649.46
China,CHN,2004,6067.59
China,CHN,2005,6626.59
China,CHN,2006,7271.04
China,CHN,2007,7895.71
China,CHN,2008,8190.11
China,CHN,2009,8734.04
China,CHN,2010,9658.42
China,CHN,2011,10221
China,CHN,2012,10680
China,CHN,2013,11328
China,CHN,2014,11944
China,CHN,2015,12244
China,CHN,2016,12569
China,CHN,2017,12733.93
China,CHN,2018,13101.71
Colombia,COL,2000,8496.79
Colombia,COL,2001,8528.03
Colombia,COL,2002,8630.54
Colombia,COL,2003,8855.22
Colombia,COL,2004,9211.28
Colombia,COL,2005,9524.72
Colombia,COL,2006,10039.68
Colombia,COL,2007,10602.3
Colombia,COL,2008,10846.74
Colombia,COL,2009,10894.1
Colombia,COL,2010,11191.69
Colombia,COL,2011,11788
Colombia,COL,2012,12123
Colombia,COL,2013,12568
Colombia,COL,2014,12972
Colombia,COL,2015,13218
Colombia,COL,2016,13326
Colombia,COL,2017,13358.03
Colombia,COL,2018,13545.05
Comoros,COM,2000,1204.4
Comoros,COM,2001,1217.5
Comoros,COM,2002,1229.86
Comoros,COM,2003,1240.05
Comoros,COM,2004,1247.27
Comoros,COM,2005,1265.69
Comoros,COM,2006,1388
Comoros,COM,2007,1382.54
Comoros,COM,2008,1419.37
Comoros,COM,2009,1455.28
Comoros,COM,2010,1432.56
Comoros,COM,2011,1479
Comoros,COM,2012,1509
Comoros,COM,2013,1619
Comoros,COM,2014,1647
Comoros,COM,2015,1696
Comoros,COM,2016,1702
Comoros,COM,2017,1712.84
Comoros,COM,2018,1724.42
Congo,COG,2000,4159.22
Congo,COG,2001,4256.66
Congo,COG,2002,4458.63
Congo,COG,2003,4467.9
Congo,COG,2004,4560.51
Congo,COG,2005,4820.71
Congo,COG,2006,5016.06
Congo,COG,2007,4844.97
Congo,COG,2008,5081.13
Congo,COG,2009,5379
Congo,COG,2010,5738.16
Congo,COG,2011,5875
Congo,COG,2012,5949
Congo,COG,2013,6031
Congo,COG,2014,6321
Congo,COG,2015,6272
Congo,COG,2016,5974
Congo,COG,2017,5747.03
Congo,COG,2018,5714.59
Costa Rica,CRI,2000,9319.77
Costa Rica,CRI,2001,9451.62
Costa Rica,CRI,2002,9591.55
Costa Rica,CRI,2003,9831.25
Costa Rica,CRI,2004,10086.78
Costa Rica,CRI,2005,10308.37
Costa Rica,CRI,2006,10880.48
Costa Rica,CRI,2007,11584.68
Costa Rica,CRI,2008,11935.16
Costa Rica,CRI,2009,11638
Costa Rica,CRI,2010,12031.57
Costa Rica,CRI,2011,12366
Costa Rica,CRI,2012,12792
Costa Rica,CRI,2013,12916
Costa Rica,CRI,2014,13222
Costa Rica,CRI,2015,13677
Costa Rica,CRI,2016,14098
Costa Rica,CRI,2017,14470.78
Costa Rica,CRI,2018,14686.25
Cote d'Ivoire,CIV,2000,2352.86
Cote d'Ivoire,CIV,2001,2342.83
Cote d'Ivoire,CIV,2002,2298.46
Cote d'Ivoire,CIV,2003,2263.09
Cote d'Ivoire,CIV,2004,2280.79
Cote d'Ivoire,CIV,2005,2312.84
Cote d'Ivoire,CIV,2006,2343.93
Cote d'Ivoire,CIV,2007,2380.12
Cote d'Ivoire,CIV,2008,2435.27
Cote d'Ivoire,CIV,2009,2508.82
Cote d'Ivoire,CIV,2010,2555.02
Cote d'Ivoire,CIV,2011,2444
Cote d'Ivoire,CIV,2012,2636
Cote d'Ivoire,CIV,2013,2823
Cote d'Ivoire,CIV,2014,3011
Cote d'Ivoire,CIV,2015,3218
Cote d'Ivoire,CIV,2016,3395
Cote d'Ivoire,CIV,2017,3558.84
Cote d'Ivoire,CIV,2018,3713.64
Croatia,HRV,2000,13244.54
Croatia,HRV,2001,13817.68
Croatia,HRV,2002,14683.84
Croatia,HRV,2003,15740.5
Croatia,HRV,2004,16628.57
Croatia,HRV,2005,17581.36
Croatia,HRV,2006,18707.49
Croatia,HRV,2007,19984.04
Croatia,HRV,2008,20717.32
Croatia,HRV,2009,19501.59
Croatia,HRV,2010,19511.35
Croatia,HRV,2011,19813
Croatia,HRV,2012,19441
Croatia,HRV,2013,19298
Croatia,HRV,2014,19284
Croatia,HRV,2015,19698
Croatia,HRV,2016,20376
Croatia,HRV,2017,21232.36
Croatia,HRV,2018,22012.31
Cuba,CUB,2000,4009.34
Cuba,CUB,2001,4231.32
Cuba,CUB,2002,4369.04
Cuba,CUB,2003,4506.68
Cuba,CUB,2004,4561.02
Cuba,CUB,2005,4713.71
Cuba,CUB,2006,5416.14
Cuba,CUB,2007,5635.69
Cuba,CUB,2008,6004.89
Cuba,CUB,2009,6248.3
Cuba,CUB,2010,6578.19
Cuba,CUB,2011,6928
Cuba,CUB,2012,7138
Cuba,CUB,2013,7379
Cuba,CUB,2014,7628
Cuba,CUB,2015,7889
Cuba,CUB,2016,8000
Cuba,CUB,2017,8141.74
Cuba,CUB,2018,8325.63
Cyprus,CYP,2000,22326.8
Cyprus,CYP,2001,23095.74
Cyprus,CYP,2002,23828.07
Cyprus,CYP,2003,24347.08
Cyprus,CYP,2004,25355.24
Cyprus,CYP,2005,26164.21
Cyprus,CYP,2006,27142.02
Cyprus,CYP,2007,28110
Cyprus,CYP,2008,28736.97
Cyprus,CYP,2009,27735.03
Cyprus,CYP,2010,27630.1
Cyprus,CYP,2011,27272
Cyprus,CYP,2012,26011
Cyprus,CYP,2013,24519
Cyprus,CYP,2014,24411
Cyprus,CYP,2015,24963
Cyprus,CYP,2016,25577
Cyprus,CYP,2017,26445.29
Cyprus,CYP,2018,27184.42
Czechia,CZE,2000,17056.16
Czechia,CZE,2001,17868.57
Czechia,CZE,2002,18431.03
Czechia,CZE,2003,19344.09
Czechia,CZE,2004,20555.04
Czechia,CZE,2005,22128.58
Czechia,CZE,2006,23888.16
Czechia,CZE,2007,25382.81
Czechia,CZE,2008,26186.05
Czechia,CZE,2009,25093.86
Czechia,CZE,2010,25922.39
Czechia,CZE,2011,26725
Czechia,CZE,2012,26474
Czechia,CZE,2013,26338
Czechia,CZE,2014,27024
Czechia,CZE,2015,28194
Czechia,CZE,2016,28823
Czechia,CZE,2017,29997.76
Czechia,CZE,2018,30748.51
Czechoslovakia,OWID_CZS,2000,15378.21
Czechoslovakia,OWID_CZS,2001,15999.64
Czechoslovakia,OWID_CZS,2002,16595.4
Czechoslovakia,OWID_CZS,2003,17407.07
Czechoslovakia,OWID_CZS,2004,18389.23
Czechoslovakia,OWID_CZS,2005,19774.06
Czechoslovakia,OWID_CZS,2006,21409.43
Czechoslovakia,OWID_CZS,2007,23146.21
Czechoslovakia,OWID_CZS,2008,24256.88
Czechoslovakia,OWID_CZS,2009,23659.48
Czechoslovakia,OWID_CZS,2010,24573.31
Czechoslovakia,OWID_CZS,2011,25289
Czechoslovakia,OWID_CZS,2012,25279
Czechoslovakia,OWID_CZS,2013,25329
Czechoslovakia,OWID_CZS,2014,25976
Czechoslovakia,OWID_CZS,2015,27041
Czechoslovakia,OWID_CZS,2016,27738
Czechoslovakia,OWID_CZS,2017,28773.33
Czechoslovakia,OWID_CZS,2018,29600.6
Democratic Republic of Congo,COD,2000,414.05
Democratic Republic of Congo,COD,2001,403.6
Democratic Republic of Congo,COD,2002,413.83
Democratic Republic of Congo,COD,2003,436.03
Democratic Republic of Congo,COD,2004,464
Democratic Republic of Congo,COD,2005,490.69
Democratic Republic of Congo,COD,2006,515.26
Democratic Republic of Congo,COD,2007,546.04
Democratic Republic of Congo,COD,2008,578.85
Democratic Republic of Congo,COD,2009,595.02
Democratic Republic of Congo,COD,2010,637.13
Democratic Republic of Congo,COD,2011,681
Democratic Republic of Congo,COD,2012,710
Democratic Republic of Congo,COD,2013,751
Democratic Republic of Congo,COD,2014,802
Democratic Republic of Congo,COD,2015,836
Democratic Republic of Congo,COD,2016,836
Democratic Republic of Congo,COD,2017,838.78
Democratic Republic of Congo,COD,2018,859.38
Denmark,DNK,2000,39021.18
Denmark,DNK,2001,39425.87
Denmark,DNK,2002,39709.37
Denmark,DNK,2003,39983.14
Denmark,DNK,2004,41178.56
Denmark,DNK,2005,42264.63
Denmark,DNK,2006,44025.48
Denmark,DNK,2007,44481.47
Denmark,DNK,2008,44246.4
Denmark,DNK,2009,42090.17
Denmark,DNK,2010,42932.4
Denmark,DNK,2011,43575
Denmark,DNK,2012,43510
Denmark,DNK,2013,43733
Denmark,DNK,2014,44241
Denmark,DNK,2015,44635
Denmark,DNK,2016,44836
Denmark,DNK,2017,45455.56
Denmark,DNK,2018,46312.34
Djibouti,DJI,2000,1881
Djibouti,DJI,2001,1845.7
Djibouti,DJI,2002,1824.46
Djibouti,DJI,2003,1945.67
Djibouti,DJI,2004,2097.12
Djibouti,DJI,2005,2126.81
Djibouti,DJI,2006,2342.22
Djibouti,DJI,2007,2396.02
Djibouti,DJI,2008,2463.44
Djibouti,DJI,2009,2521.5
Djibouti,DJI,2010,2543.87
Djibouti,DJI,2011,2590
Djibouti,DJI,2012,2654
Djibouti,DJI,2013,2724
Djibouti,DJI,2014,2823
Djibouti,DJI,2015,2941
Djibouti,DJI,2016,3064
Djibouti,DJI,2017,3168.45
Djibouti,DJI,2018,3295.68
Dominica,DMA,2000,5696.96
Dominica,DMA,2001,5799.82
Dominica,DMA,2002,5771.37
Dominica,DMA,2003,6321.96
Dominica,DMA,2004,6602.7
Dominica,DMA,2005,6697.53
Dominica,DMA,2006,7133.78
Dominica,DMA,2007,7698.77
Dominica,DMA,2008,8454.06
Dominica,DMA,2009,8511.86
Dominica,DMA,2010,8768.48
Dominica,DMA,2011,8944
Dominica,DMA,2012,8823
Dominica,DMA,2013,9145
Dominica,DMA,2014,9507
Dominica,DMA,2015,9319
Dominica,DMA,2016,9550
Dominica,DMA,2017,8842.02
Dominica,DMA,2018,9021.17
Dominican Republic,DOM,2000,6788.08
Dominican Republic,DOM,2001,6917.03
Dominican Republic,DOM,2002,7327.37
Dominican Republic,DOM,2003,7324.7
Dominican Republic,DOM,2004,7441.45
Dominican Republic,DOM,2005,8156.43
Dominican Republic,DOM,2006,9059.88
Dominican Republic,DOM,2007,9866.46
Dominican Republic,DOM,2008,10225.53
Dominican Republic,DOM,2009,10365.67
Dominican Republic,DOM,2010,11276.46
Dominican Republic,DOM,2011,11679
Dominican Republic,DOM,2012,11848
Dominican Republic,DOM,2013,12251
Dominican Republic,DOM,2014,13017
Dominican Republic,DOM,2015,13762
Dominican Republic,DOM,2016,14489
Dominican Republic,DOM,2017,15018.94
Dominican Republic,DOM,2018,15912.4
East Asia,,2000,8163.84
East Asia,,2010,12853.43
East Asia,,2016,15697.94
East Asia,,2017,15956.38
East Asia,,2018,16326.95
Eastern Europe,,2000,8985.54
Eastern Europe,,2010,17021.29
Eastern Europe,,2016,19446.35
Eastern Europe,,2017,20115.83
Eastern Europe,,2018,20680.59
Ecuador,ECU,2000,6908.24
Ecuador,ECU,2001,7131.19
Ecuador,ECU,2002,7359.71
Ecuador,ECU,2003,7468.5
Ecuador,ECU,2004,7958.92
Ecuador,ECU,2005,8256.78
Ecuador,ECU,2006,8521.56
Ecuador,ECU,2007,8633.58
Ecuador,ECU,2008,9103.87
Ecuador,ECU,2009,9081.37
Ecuador,ECU,2010,9327.21
Ecuador,ECU,2011,9985
Ecuador,ECU,2012,10398
Ecuador,ECU,2013,10760
Ecuador,ECU,2014,11036
Ecuador,ECU,2015,10905
Ecuador,ECU,2016,10527
Ecuador,ECU,2017,10637.28
Ecuador,ECU,2018,10638.83
Egypt,EGY,2000,6593.53
Egypt,EGY,2001,6914.94
Egypt,EGY,2002,7142.69
Egypt,EGY,2003,7365.8
Egypt,EGY,2004,7661.86
Egypt,EGY,2005,8021.88
Egypt,EGY,2006,8509.61
Egypt,EGY,2007,9130.6
Egypt,EGY,2008,9698.02
Egypt,EGY,2009,10159
Egypt,EGY,2010,10719.29
Egypt,EGY,2011,10737
Egypt,EGY,2012,10767
Egypt,EGY,2013,10775
Egypt,EGY,2014,11016
Egypt,EGY,2015,11159
Egypt,EGY,2016,11351
Egypt,EGY,2017,11619.69
Egypt,EGY,2018,11957.21
El Salvador,SLV,2000,5403.71
El Salvador,SLV,2001,5550.19
El Salvador,SLV,2002,5751.06
El Salvador,SLV,2003,5957.2
El Salvador,SLV,2004,6145.98
El Salvador,SLV,2005,6441.5
El Salvador,SLV,2006,6782.23
El Salvador,SLV,2007,7139.18
El Salvador,SLV,2008,7312.66
El Salvador,SLV,2009,7166.16
El Salvador,SLV,2010,7351.11
El Salvador,SLV,2011,7607
El Salvador,SLV,2012,7726
El Salvador,SLV,2013,7845
El Salvador,SLV,2014,7935
El Salvador,SLV,2015,8109
El Salvador,SLV,2016,8280
El Salvador,SLV,2017,8428.03
El Salvador,SLV,2018,8598.2
Equatorial Guinea,GNQ,2000,12914.85
Equatorial Guinea,GNQ,2001,21167.74
Equatorial Guinea,GNQ,2002,24845.04
Equatorial Guinea,GNQ,2003,27571.16
Equatorial Guinea,GNQ,2004,33419.89
Equatorial Guinea,GNQ,2005,35569.71
Equatorial Guinea,GNQ,2006,36615.71
Equatorial Guinea,GNQ,2007,41277.76
Equatorial Guinea,GNQ,2008,47562.32
Equatorial Guinea,GNQ,2009,47161.28
Equatorial Guinea,GNQ,2010,42037.9
Equatorial Guinea,GNQ,2011,43841
Equatorial Guinea,GNQ,2012,46255
Equatorial Guinea,GNQ,2013,43209
Equatorial Guinea,GNQ,2014,41907
Equatorial Guinea,GNQ,2015,37822
Equatorial Guinea,GNQ,2016,33317
Equatorial Guinea,GNQ,2017,31047.83
Equatorial Guinea,GNQ,2018,28528.95
Estonia,EST,2000,16806.97
Estonia,EST,2001,17696.61
Estonia,EST,2002,18589.15
Estonia,EST,2003,19771.74
Estonia,EST,2004,20803.76
Estonia,EST,2005,22518.54
Estonia,EST,2006,24578.82
Estonia,EST,2007,26177.87
Estonia,EST,2008,24429.02
Estonia,EST,2009,20538.05
Estonia,EST,2010,20713.43
Estonia,EST,2011,21997
Estonia,EST,2012,23026
Estonia,EST,2013,23436
Estonia,EST,2014,24146
Estonia,EST,2015,24493
Estonia,EST,2016,24857
Estonia,EST,2017,26254.2
Estonia,EST,2018,27408.66
Eswatini,SWZ,2000,4894.52
Eswatini,SWZ,2001,4976.9
Eswatini,SWZ,2002,5136.72
Eswatini,SWZ,2003,5377.56
Eswatini,SWZ,2004,5559.47
Eswatini,SWZ,2005,5867.23
Eswatini,SWZ,2006,6187.77
Eswatini,SWZ,2007,6467.82
Eswatini,SWZ,2008,6791.39
Eswatini,SWZ,2009,7011.1
Eswatini,SWZ,2010,7192.75
Eswatini,SWZ,2011,7389
Eswatini,SWZ,2012,7552
Eswatini,SWZ,2013,7805
Eswatini,SWZ,2014,7927
Eswatini,SWZ,2015,7969
Eswatini,SWZ,2016,7881
Eswatini,SWZ,2017,7963.29
Eswatini,SWZ,2018,8068.21
Ethiopia,ETH,2000,771.73
Ethiopia,ETH,2001,783.9
Ethiopia,ETH,2002,793.91
Ethiopia,ETH,2003,764.53
Ethiopia,ETH,2004,771.47
Ethiopia,ETH,2005,829.24
Ethiopia,ETH,2006,880.65
Ethiopia,ETH,2007,936.37
Ethiopia,ETH,2008,989.98
Ethiopia,ETH,2009,1043.53
Ethiopia,ETH,2010,1106.38
Ethiopia,ETH,2011,1199
Ethiopia,ETH,2012,1287
Ethiopia,ETH,2013,1365
Ethiopia,ETH,2014,1459
Ethiopia,ETH,2015,1553
Ethiopia,ETH,2016,1635
Ethiopia,ETH,2017,1753.32
Ethiopia,ETH,2018,1838.49
Finland,FIN,2000,32689.77
Finland,FIN,2001,33481.68
Finland,FIN,2002,33986.55
Finland,FIN,2003,34607.22
Finland,FIN,2004,35888.61
Finland,FIN,2005,36787.26
Finland,FIN,2006,38160.7
Finland,FIN,2007,39998.53
Finland,FIN,2008,40129.65
Finland,FIN,2009,36662.61
Finland,FIN,2010,37615.11
Finland,FIN,2011,38432
Finland,FIN,2012,37704
Finland,FIN,2013,37246
Finland,FIN,2014,36858
Finland,FIN,2015,36836
Finland,FIN,2016,37239
Finland,FIN,2017,38366.56
Finland,FIN,2018,38896.7
Former USSR,,2000,8193.52
Former USSR,,2001,8850.16
Former USSR,,2002,9487.5
Former USSR,,2003,10390.94
Former USSR,,2004,11428.94
Former USSR,,2005,12426.28
Former USSR,,2006,13749.92
Former USSR,,2007,15215.92
Former USSR,,2008,16226.7
Former USSR,,2009,15416.6
Former USSR,,2010,16344.52
Former USSR,,2011,17391
Former USSR,,2012,18005
Former USSR,,2013,18447
Former USSR,,2014,18730
Former USSR,,2015,18479
Former USSR,,2016,18635
Former USSR,,2017,19152.38
Former USSR,,2018,19539.15
Former Yugoslavia,,2000,8472.59
Former Yugoslavia,,2001,8827.68
Former Yugoslavia,,2002,9266.39
Former Yugoslavia,,2003,9686.03
Former Yugoslavia,,2004,10317.23
Former Yugoslavia,,2005,10881.87
Former Yugoslavia,,2006,11598.98
Former Yugoslavia,,2007,12461.67
Former Yugoslavia,,2008,13125.14
Former Yugoslavia,,2009,14028.42
Former Yugoslavia,,2010,14250.79
Former Yugoslavia,,2011,14540
Former Yugoslavia,,2012,14331
Former Yugoslavia,,2013,14500
Former Yugoslavia,,2014,14627
Former Yugoslavia,,2015,14971
Former Yugoslavia,,2016,15416
Former Yugoslavia,,2017,15960.84
Former Yugoslavia,,2018,16558.31
France,FRA,2000,33409.68
France,FRA,2001,33920.1
France,FRA,2002,34152.77
France,FRA,2003,34292.03
France,FRA,2004,35093.82
France,FRA,2005,35495.46
France,FRA,2006,36166.16
France,FRA,2007,36845.69
France,FRA,2008,36761.79
France,FRA,2009,35534.93
France,FRA,2010,36086.73
France,FRA,2011,36691
France,FRA,2012,36571
France,FRA,2013,36632
France,FRA,2014,36527
France,FRA,2015,36827
France,FRA,2016,37124
France,FRA,2017,37895
France,FRA,2018,38515.92
Gabon,GAB,2000,10637.8
Gabon,GAB,2001,11104.55
Gabon,GAB,2002,11141.46
Gabon,GAB,2003,11665.83
Gabon,GAB,2004,12022.51
Gabon,GAB,2005,12437.96
Gabon,GAB,2006,12342.78
Gabon,GAB,2007,13455.61
Gabon,GAB,2008,13330.25
Gabon,GAB,2009,13617.9
Gabon,GAB,2010,14926.7
Gabon,GAB,2011,16403
Gabon,GAB,2012,16932
Gabon,GAB,2013,17532
Gabon,GAB,2014,18053
Gabon,GAB,2015,18389
Gabon,GAB,2016,18413
Gabon,GAB,2017,17963.01
Gabon,GAB,2018,17613.56
Gambia,GMB,2000,1440.86
Gambia,GMB,2001,1495.09
Gambia,GMB,2002,1473.4
Gambia,GMB,2003,1478.96
Gambia,GMB,2004,1585.8
Gambia,GMB,2005,1541.61
Gambia,GMB,2006,1530.68
Gambia,GMB,2007,1557.85
Gambia,GMB,2008,1618.44
Gambia,GMB,2009,1692.64
Gambia,GMB,2010,1772.73
Gambia,GMB,2011,1669
Gambia,GMB,2012,1725
Gambia,GMB,2013,1767
Gambia,GMB,2014,1743
Gambia,GMB,2015,1786
Gambia,GMB,2016,1788
Gambia,GMB,2017,1819.41
Gambia,GMB,2018,1882.24
Georgia,GEO,2000,4891.66
Georgia,GEO,2001,5125.13
Georgia,GEO,2002,5406.95
Georgia,GEO,2003,6013.01
Georgia,GEO,2004,6342.71
Georgia,GEO,2005,6849.79
Georgia,GEO,2006,7398.05
Georgia,GEO,2007,8300.14
Georgia,GEO,2008,8461.92
Georgia,GEO,2009,8062.08
Georgia,GEO,2010,8443.44
Georgia,GEO,2011,8946
Georgia,GEO,2012,9491
Georgia,GEO,2013,9829
Georgia,GEO,2014,10297
Georgia,GEO,2015,10603
Georgia,GEO,2016,10899
Georgia,GEO,2017,11430.72
Georgia,GEO,2018,11984.9
Germany,DEU,2000,33367.28
Germany,DEU,2001,34260.29
Germany,DEU,2002,34590.93
Germany,DEU,2003,34716.44
Germany,DEU,2004,35528.71
Germany,DEU,2005,36205.58
Germany,DEU,2006,38014.14
Germany,DEU,2007,39752.21
Germany,DEU,2008,40715.43
Germany,DEU,2009,38962.94
Germany,DEU,2010,41109.58
Germany,DEU,2011,43189
Germany,DEU,2012,43320
Germany,DEU,2013,43413
Germany,DEU,2014,43922
Germany,DEU,2015,44293
Germany,DEU,2016,44689
Germany,DEU,2017,45619.78
Germany,DEU,2018,46177.62
Ghana,GHA,2000,2100.29
Ghana,GHA,2001,2143.11
Ghana,GHA,2002,2192.02
Ghana,GHA,2003,2256.82
Ghana,GHA,2004,2329.52
Ghana,GHA,2005,2411.29
Ghana,GHA,2006,2503.96
Ghana,GHA,2007,2553.17
Ghana,GHA,2008,2725.79
Ghana,GHA,2009,2793.87
Ghana,GHA,2010,2946.04
Ghana,GHA,2011,3283
Ghana,GHA,2012,3508
Ghana,GHA,2013,3683
Ghana,GHA,2014,3747
Ghana,GHA,2015,3809
Ghana,GHA,2016,3878
Ghana,GHA,2017,4103.56
Ghana,GHA,2018,4267.07
Greece,GRC,2000,20965.33
Greece,GRC,2001,21913.8
Greece,GRC,2002,22893.96
Greece,GRC,2003,24380.07
Greece,GRC,2004,25780.39
Greece,GRC,2005,26091.52
Greece,GRC,2006,27731.11
Greece,GRC,2007,28822.92
Greece,GRC,2008,28907.93
Greece,GRC,2009,27839.9
Greece,GRC,2010,26517.47
Greece,GRC,2011,24349
Greece,GRC,2012,22693
Greece,GRC,2013,22118
Greece,GRC,2014,22344
Greece,GRC,2015,22442
Greece,GRC,2016,22574
Greece,GRC,2017,22959.12
Greece,GRC,2018,23450.77
Guatemala,GTM,2000,5860.27
Guatemala,GTM,2001,5882.72
Guatemala,GTM,2002,5980.24
Guatemala,GTM,2003,6004.14
Guatemala,GTM,2004,6070.19
Guatemala,GTM,2005,6130.48
Guatemala,GTM,2006,6305.82
Guatemala,GTM,2007,6545.75
Guatemala,GTM,2008,6604.68
Guatemala,GTM,2009,6488.65
Guatemala,GTM,2010,6526.46
Guatemala,GTM,2011,6650
Guatemala,GTM,2012,6714
Guatemala,GTM,2013,6829
Guatemala,GTM,2014,6981
Guatemala,GTM,2015,7138
Guatemala,GTM,2016,7221
Guatemala,GTM,2017,7308.27
Guatemala,GTM,2018,7402.11
Guinea,GIN,2000,1046.57
Guinea,GIN,2001,1090.65
Guinea,GIN,2002,1148.54
Guinea,GIN,2003,1146.34
Guinea,GIN,2004,1159.83
Guinea,GIN,2005,1186.6
Guinea,GIN,2006,1188.48
Guinea,GIN,2007,1253.41
Guinea,GIN,2008,1290.4
Guinea,GIN,2009,1255.24
Guinea,GIN,2010,1291.7
Guinea,GIN,2011,1347
Guinea,GIN,2012,1397
Guinea,GIN,2013,1421
Guinea,GIN,2014,1399
Guinea,GIN,2015,1364
Guinea,GIN,2016,1417
Guinea,GIN,2017,1562.51
Guinea,GIN,2018,1606.47
Guinea-Bissau,GNB,2000,1230.64
Guinea-Bissau,GNB,2001,1233.07
Guinea-Bissau,GNB,2002,1196.23
Guinea-Bissau,GNB,2003,1181.94
Guinea-Bissau,GNB,2004,1194.67
Guinea-Bissau,GNB,2005,1226.56
Guinea-Bissau,GNB,2006,1233.81
Guinea-Bissau,GNB,2007,1252.57
Guinea-Bissau,GNB,2008,1270.72
Guinea-Bissau,GNB,2009,1292.03
Guinea-Bissau,GNB,2010,1329.37
Guinea-Bissau,GNB,2011,1413
Guinea-Bissau,GNB,2012,1361
Guinea-Bissau,GNB,2013,1378
Guinea-Bissau,GNB,2014,1355
Guinea-Bissau,GNB,2015,1393
Guinea-Bissau,GNB,2016,1436
Guinea-Bissau,GNB,2017,1482.97
Guinea-Bissau,GNB,2018,1501.41
Haiti,HTI,2000,1520.73
Haiti,HTI,2001,1501.1
Haiti,HTI,2002,1494.18
Haiti,HTI,2003,1495.89
Haiti,HTI,2004,1439.21
Haiti,HTI,2005,1461.8
Haiti,HTI,2006,1493.04
Haiti,HTI,2007,1541.77
Haiti,HTI,2008,1555.49
Haiti,HTI,2009,1604.11
Haiti,HTI,2010,1556.55
Haiti,HTI,2011,1648
Haiti,HTI,2012,1674
Haiti,HTI,2013,1722
Haiti,HTI,2014,1749
Haiti,HTI,2015,1742
Haiti,HTI,2016,1728
Haiti,HTI,2017,1725.61
Haiti,HTI,2018,1729.04
Honduras,HND,2000,3335.72
Honduras,HND,2001,3365.23
Honduras,HND,2002,3431.25
Honduras,HND,2003,3527.12
Honduras,HND,2004,3686.67
Honduras,HND,2005,3851.06
Honduras,HND,2006,4045.3
Honduras,HND,2007,4237.3
Honduras,HND,2008,4358.76
Honduras,HND,2009,4200.16
Honduras,HND,2010,4305.89
Honduras,HND,2011,4421
Honduras,HND,2012,4518
Honduras,HND,2013,4561
Honduras,HND,2014,4620
Honduras,HND,2015,4706
Honduras,HND,2016,4796
Honduras,HND,2017,4941.3
Honduras,HND,2018,5041.64
Hong Kong,HKG,2000,32894.01
Hong Kong,HKG,2001,32734.2
Hong Kong,HKG,2002,33038.15
Hong Kong,HKG,2003,33594.32
Hong Kong,HKG,2004,36052.99
Hong Kong,HKG,2005,38191.9
Hong Kong,HKG,2006,40172.85
Hong Kong,HKG,2007,42230.89
Hong Kong,HKG,2008,42635.48
Hong Kong,HKG,2009,41076.23
Hong Kong,HKG,2010,43170.55
Hong Kong,HKG,2011,44532
Hong Kong,HKG,2012,44904
Hong Kong,HKG,2013,46040
Hong Kong,HKG,2014,47038
Hong Kong,HKG,2015,47777
Hong Kong,HKG,2016,48330
Hong Kong,HKG,2017,49918.6
Hong Kong,HKG,2018,50839.37
Hungary,HUN,2000,13129.27
Hungary,HUN,2001,13933.56
Hungary,HUN,2002,14899.31
Hungary,HUN,2003,15829.9
Hungary,HUN,2004,16999.01
Hungary,HUN,2005,18140.62
Hungary,HUN,2006,19253.06
Hungary,HUN,2007,19763.79
Hungary,HUN,2008,20380.63
Hungary,HUN,2009,19461.07
Hungary,HUN,2010,20036.33
Hungary,HUN,2011,20886
Hungary,HUN,2012,20631
Hungary,HUN,2013,21126
Hungary,HUN,2014,22040
Hungary,HUN,2015,22788
Hungary,HUN,2016,23279
Hungary,HUN,2017,24349.96
Hungary,HUN,2018,25622.81
Iceland,ISL,2000,33108.29
Iceland,ISL,2001,33794.45
Iceland,ISL,2002,33470.49
Iceland,ISL,2003,33920.71
Iceland,ISL,2004,36209.24
Iceland,ISL,2005,37884.06
Iceland,ISL,2006,38707.21
Iceland,ISL,2007,41111.15
Iceland,ISL,2008,40810.23
Iceland,ISL,2009,37701.85
Iceland,ISL,2010,36272.69
Iceland,ISL,2011,36740
Iceland,ISL,2012,36990
Iceland,ISL,2013,38258
Iceland,ISL,2014,38563
Iceland,ISL,2015,39727
Iceland,ISL,2016,42085
Iceland,ISL,2017,42978.23
Iceland,ISL,2018,43438.54
India,IND,2000,2753.09
India,IND,2001,2837.86
India,IND,2002,2870.92
India,IND,2003,3035.92
India,IND,2004,3212.51
India,IND,2005,3396.65
India,IND,2006,3629.41
India,IND,2007,3870.7
India,IND,2008,4030.65
India,IND,2009,4270.71
India,IND,2010,4525.75
India,IND,2011,4768
India,IND,2012,4932
India,IND,2013,5172
India,IND,2014,5458
India,IND,2015,5794
India,IND,2016,6125
India,IND,2017,6449.11
India,IND,2018,6806.5
Indonesia,IDN,2000,5384.39
Indonesia,IDN,2001,5526.15
Indonesia,IDN,2002,5720.28
Indonesia,IDN,2003,5938.88
Indonesia,IDN,2004,6180.91
Indonesia,IDN,2005,6482.01
Indonesia,IDN,2006,6782.62
Indonesia,IDN,2007,7157.31
Indonesia,IDN,2008,7633.17
Indonesia,IDN,2009,7935.84
Indonesia,IDN,2010,8386.43
Indonesia,IDN,2011,8849
Indonesia,IDN,2012,9285
Indonesia,IDN,2013,9703
Indonesia,IDN,2014,10090
Indonesia,IDN,2015,10484
Indonesia,IDN,2016,10911
Indonesia,IDN,2017,11364.55
Indonesia,IDN,2018,11851.74
Iran,IRN,2000,9104.76
Iran,IRN,2001,9620.63
Iran,IRN,2002,10467.37
Iran,IRN,2003,11502.85
Iran,IRN,2004,12404.32
Iran,IRN,2005,13110.14
Iran,IRN,2006,14185.75
Iran,IRN,2007,15467.11
Iran,IRN,2008,15739.98
Iran,IRN,2009,16575.07
Iran,IRN,2010,17751.33
Iran,IRN,2011,18024
Iran,IRN,2012,16745
Iran,IRN,2013,16248
Iran,IRN,2014,16493
Iran,IRN,2015,16253
Iran,IRN,2016,16783
Iran,IRN,2017,17686.8
Iran,IRN,2018,17011.3
Iraq,IRQ,2000,3649.49
Iraq,IRQ,2001,4147.65
Iraq,IRQ,2002,4631.65
Iraq,IRQ,2003,3782.45
Iraq,IRQ,2004,6061.55
Iraq,IRQ,2005,6441.41
Iraq,IRQ,2006,7117.61
Iraq,IRQ,2007,7587.61
Iraq,IRQ,2008,8587.26
Iraq,IRQ,2009,9268.71
Iraq,IRQ,2010,10274.33
Iraq,IRQ,2011,11484
Iraq,IRQ,2012,12652
Iraq,IRQ,2013,13158
Iraq,IRQ,2014,12817
Iraq,IRQ,2015,13014
Iraq,IRQ,2016,13898
Iraq,IRQ,2017,13211.26
Iraq,IRQ,2018,12835.81
Ireland,IRL,2000,38806.5
Ireland,IRL,2001,40966.33
Ireland,IRL,2002,43012.81
Ireland,IRL,2003,44372.76
Ireland,IRL,2004,47028.86
Ireland,IRL,2005,49223.38
Ireland,IRL,2006,51296.19
Ireland,IRL,2007,52322.23
Ireland,IRL,2008,49583.14
Ireland,IRL,2009,47375.73
Ireland,IRL,2010,48623.81
Ireland,IRL,2011,48980
Ireland,IRL,2012,48333
Ireland,IRL,2013,48743
Ireland,IRL,2014,52651
Ireland,IRL,2015,54278
Ireland,IRL,2016,56597
Ireland,IRL,2017,60544.28
Ireland,IRL,2018,64684.3
Israel,ISR,2000,26058.84
Israel,ISR,2001,25427.32
Israel,ISR,2002,24823.55
Israel,ISR,2003,24545.25
Israel,ISR,2004,25210.88
Israel,ISR,2005,25686.41
Israel,ISR,2006,26571.26
Israel,ISR,2007,27624.88
Israel,ISR,2008,27857.62
Israel,ISR,2009,27644.7
Israel,ISR,2010,28575.53
Israel,ISR,2011,29370
Israel,ISR,2012,29517
Israel,ISR,2013,30257
Israel,ISR,2014,30686
Israel,ISR,2015,30954
Israel,ISR,2016,31701
Israel,ISR,2017,32339.09
Israel,ISR,2018,32954.77
Italy,ITA,2000,32716.98
Italy,ITA,2001,33511.43
Italy,ITA,2002,33780.05
Italy,ITA,2003,33917.8
Italy,ITA,2004,34472.13
Italy,ITA,2005,34872.13
Italy,ITA,2006,35713.8
Italy,ITA,2007,36310.73
Italy,ITA,2008,35942.94
Italy,ITA,2009,34055.23
Italy,ITA,2010,34765.94
Italy,ITA,2011,35151
Italy,ITA,2012,34068
Italy,ITA,2013,33094
Italy,ITA,2014,32829
Italy,ITA,2015,33118
Italy,ITA,2016,33419
Italy,ITA,2017,34027.34
Italy,ITA,2018,34364.17
Jamaica,JAM,2000,6531.28
Jamaica,JAM,2001,6615.19
Jamaica,JAM,2002,6660.76
Jamaica,JAM,2003,6908.67
Jamaica,JAM,2004,7004.98
Jamaica,JAM,2005,7073.77
Jamaica,JAM,2006,7286.97
Jamaica,JAM,2007,7402.18
Jamaica,JAM,2008,7353.11
Jamaica,JAM,2009,7115.37
Jamaica,JAM,2010,7025.93
Jamaica,JAM,2011,7141
Jamaica,JAM,2012,7053
Jamaica,JAM,2013,7017
Jamaica,JAM,2014,7005
Jamaica,JAM,2015,7024
Jamaica,JAM,2016,7084
Jamaica,JAM,2017,7135.18
Jamaica,JAM,2018,7272.98
Japan,JPN,2000,33210.81
Japan,JPN,2001,33246.39
Japan,JPN,2002,33195.4
Japan,JPN,2003,33619.95
Japan,JPN,2004,34313.56
Japan,JPN,2005,34857.76
Japan,JPN,2006,35333.11
Japan,JPN,2007,35892.71
Japan,JPN,2008,35496.23
Japan,JPN,2009,33590.01
Japan,JPN,2010,35011.4
Japan,JPN,2011,34979
Japan,JPN,2012,35580
Japan,JPN,2013,36354
Japan,JPN,2014,36537
Japan,JPN,2015,37031
Japan,JPN,2016,37465
Japan,JPN,2017,38414.86
Japan,JPN,2018,38673.81
Jordan,JOR,2000,7621.84
Jordan,JOR,2001,7982.74
Jordan,JOR,2002,8394.06
Jordan,JOR,2003,8669.62
Jordan,JOR,2004,9288.62
Jordan,JOR,2005,9860.81
Jordan,JOR,2006,10404.56
Jordan,JOR,2007,10938.8
Jordan,JOR,2008,11378.26
Jordan,JOR,2009,11651.25
Jordan,JOR,2010,11601.09
Jordan,JOR,2011,11615
Jordan,JOR,2012,11523
Jordan,JOR,2013,11488
Jordan,JOR,2014,11523
Jordan,JOR,2015,11519
Jordan,JOR,2016,11529
Jordan,JOR,2017,11494.38
Jordan,JOR,2018,11506.34
Kazakhstan,KAZ,2000,9309.42
Kazakhstan,KAZ,2001,10589.1
Kazakhstan,KAZ,2002,11640.18
Kazakhstan,KAZ,2003,12726.29
Kazakhstan,KAZ,2004,13929.73
Kazakhstan,KAZ,2005,15233.84
Kazakhstan,KAZ,2006,16786.55
Kazakhstan,KAZ,2007,18181.06
Kazakhstan,KAZ,2008,18665.77
Kazakhstan,KAZ,2009,18750.54
Kazakhstan,KAZ,2010,19964.53
Kazakhstan,KAZ,2011,21302
Kazakhstan,KAZ,2012,22089
Kazakhstan,KAZ,2013,23131
Kazakhstan,KAZ,2014,23841
Kazakhstan,KAZ,2015,23850
Kazakhstan,KAZ,2016,23842
Kazakhstan,KAZ,2017,24556.91
Kazakhstan,KAZ,2018,25307.56
Kenya,KEN,2000,1914.89
Kenya,KEN,2001,1972.38
Kenya,KEN,2002,1961.89
Kenya,KEN,2003,1997.78
Kenya,KEN,2004,2066.21
Kenya,KEN,2005,2157.84
Kenya,KEN,2006,2255.26
Kenya,KEN,2007,2380.78
Kenya,KEN,2008,2357.23
Kenya,KEN,2009,2404.63
Kenya,KEN,2010,2579.53
Kenya,KEN,2011,2712
Kenya,KEN,2012,2765
Kenya,KEN,2013,2854
Kenya,KEN,2014,2942
Kenya,KEN,2015,3046
Kenya,KEN,2016,3169
Kenya,KEN,2017,3249.88
Kenya,KEN,2018,3377.47
Kuwait,KWT,2000,35844.75
Kuwait,KWT,2001,37225.87
Kuwait,KWT,2002,39943.15
Kuwait,KWT,2003,48809.71
Kuwait,KWT,2004,55911.79
Kuwait,KWT,2005,62959.6
Kuwait,KWT,2006,68546.14
Kuwait,KWT,2007,73096.87
Kuwait,KWT,2008,75138.12
Kuwait,KWT,2009,70072.73
Kuwait,KWT,2010,68865.31
Kuwait,KWT,2011,77126
Kuwait,KWT,2012,78801
Kuwait,KWT,2013,75256
Kuwait,KWT,2014,72508
Kuwait,KWT,2015,71354
Kuwait,KWT,2016,71010
Kuwait,KWT,2017,66010.14
Kuwait,KWT,2018,65520.74
Kyrgyzstan,KGZ,2000,3246.38
Kyrgyzstan,KGZ,2001,3357.99
Kyrgyzstan,KGZ,2002,3299.25
Kyrgyzstan,KGZ,2003,3464.82
Kyrgyzstan,KGZ,2004,3632.15
Kyrgyzstan,KGZ,2005,3554.19
Kyrgyzstan,KGZ,2006,3594.57
Kyrgyzstan,KGZ,2007,3831.49
Kyrgyzstan,KGZ,2008,4046.72
Kyrgyzstan,KGZ,2009,4075.83
Kyrgyzstan,KGZ,2010,3977.65
Kyrgyzstan,KGZ,2011,4142
Kyrgyzstan,KGZ,2012,4104
Kyrgyzstan,KGZ,2013,4509
Kyrgyzstan,KGZ,2014,4644
Kyrgyzstan,KGZ,2015,4754
Kyrgyzstan,KGZ,2016,4879
Kyrgyzstan,KGZ,2017,5055.92
Kyrgyzstan,KGZ,2018,5176.99
Laos,LAO,2000,2262.24
Laos,LAO,2001,2365.1
Laos,LAO,2002,2486.99
Laos,LAO,2003,2625.35
Laos,LAO,2004,2784.68
Laos,LAO,2005,2948.7
Laos,LAO,2006,2896.14
Laos,LAO,2007,3389.36
Laos,LAO,2008,3614.48
Laos,LAO,2009,3843.83
Laos,LAO,2010,4114.01
Laos,LAO,2011,4401
Laos,LAO,2012,4670
Laos,LAO,2013,4961
Laos,LAO,2014,5251
Laos,LAO,2015,5559
Laos,LAO,2016,5859
Laos,LAO,2017,6166.28
Laos,LAO,2018,6450.91
Latin America,,2000,10225.44
Latin America,,2010,13452.82
Latin America,,2016,14090.08
Latin America,,2017,14086.94
Latin America,,2018,14076.04
Latvia,LVA,2000,11309.74
Latvia,LVA,2001,12103.83
Latvia,LVA,2002,13015.47
Latvia,LVA,2003,14142.12
Latvia,LVA,2004,15371.18
Latvia,LVA,2005,17069.66
Latvia,LVA,2006,19128.69
Latvia,LVA,2007,21042.37
Latvia,LVA,2008,20342.2
Latvia,LVA,2009,17582.11
Latvia,LVA,2010,17140.23
Latvia,LVA,2011,18428
Latvia,LVA,2012,19405
Latvia,LVA,2013,20129
Latvia,LVA,2014,20751
Latvia,LVA,2015,21488
Latvia,LVA,2016,22092
Latvia,LVA,2017,23132.8
Latvia,LVA,2018,24312.68
Lebanon,LBN,2000,7405.71
Lebanon,LBN,2001,7836.83
Lebanon,LBN,2002,8248.1
Lebanon,LBN,2003,8671.19
Lebanon,LBN,2004,9491.61
Lebanon,LBN,2005,9933.08
Lebanon,LBN,2006,10236.87
Lebanon,LBN,2007,11276.51
Lebanon,LBN,2008,12479.11
Lebanon,LBN,2009,14039.35
Lebanon,LBN,2010,15622.37
Lebanon,LBN,2011,16230
Lebanon,LBN,2012,16315
Lebanon,LBN,2013,15055
Lebanon,LBN,2014,13416
Lebanon,LBN,2015,12953
Lebanon,LBN,2016,12972
Lebanon,LBN,2017,12880.78
Lebanon,LBN,2018,12558.97
Lesotho,LSO,2000,1967.43
Lesotho,LSO,2001,1997.36
Lesotho,LSO,2002,1959.03
Lesotho,LSO,2003,2003.09
Lesotho,LSO,2004,2004.06
Lesotho,LSO,2005,2013.81
Lesotho,LSO,2006,2056.33
Lesotho,LSO,2007,2106.84
Lesotho,LSO,2008,2177.86
Lesotho,LSO,2009,2199.39
Lesotho,LSO,2010,2313.88
Lesotho,LSO,2011,2346
Lesotho,LSO,2012,2456
Lesotho,LSO,2013,2559
Lesotho,LSO,2014,2644
Lesotho,LSO,2015,2710
Lesotho,LSO,2016,2767
Lesotho,LSO,2017,2720.65
Lesotho,LSO,2018,2731.47
Liberia,LBR,2000,971.93
Liberia,LBR,2001,1097.25
Liberia,LBR,2002,1342.76
Liberia,LBR,2003,851.91
Liberia,LBR,2004,760.88
Liberia,LBR,2005,755.22
Liberia,LBR,2006,769.29
Liberia,LBR,2007,768.21
Liberia,LBR,2008,811.16
Liberia,LBR,2009,838.45
Liberia,LBR,2010,854.24
Liberia,LBR,2011,820
Liberia,LBR,2012,853
Liberia,LBR,2013,900
Liberia,LBR,2014,884
Liberia,LBR,2015,865
Liberia,LBR,2016,829
Liberia,LBR,2017,828.61
Liberia,LBR,2018,818.42
Libya,LBY,2000,9770.98
Libya,LBY,2001,10354.48
Libya,LBY,2002,10787.67
Libya,LBY,2003,12870.57
Libya,LBY,2004,14193.26
Libya,LBY,2005,16538.56
Libya,LBY,2006,18657.06
Libya,LBY,2007,20731.72
Libya,LBY,2008,25140.6
Libya,LBY,2009,26403.79
Libya,LBY,2010,29157.14
Libya,LBY,2011,12893
Libya,LBY,2012,29766
Libya,LBY,2013,13326
Libya,LBY,2014,9736
Libya,LBY,2015,8514
Libya,LBY,2016,8096
Libya,LBY,2017,13008.45
Libya,LBY,2018,15013.31
Lithuania,LTU,2000,10806.87
Lithuania,LTU,2001,11606.73
Lithuania,LTU,2002,12490.62
Lithuania,LTU,2003,13917.51
Lithuania,LTU,2004,14995.77
Lithuania,LTU,2005,16417.95
Lithuania,LTU,2006,17916.06
Lithuania,LTU,2007,20138.47
Lithuania,LTU,2008,20879.8
Lithuania,LTU,2009,17983.35
Lithuania,LTU,2010,18663.76
Lithuania,LTU,2011,20243
Lithuania,LTU,2012,21303
Lithuania,LTU,2013,22274
Lithuania,LTU,2014,23252
Lithuania,LTU,2015,23889
Lithuania,LTU,2016,24743
Lithuania,LTU,2017,26157.21
Lithuania,LTU,2018,27370.55
Luxembourg,LUX,2000,50063.82
Luxembourg,LUX,2001,50527.66
Luxembourg,LUX,2002,51709.74
Luxembourg,LUX,2003,51717.03
Luxembourg,LUX,2004,52624.16
Luxembourg,LUX,2005,53262.09
Luxembourg,LUX,2006,54920.81
Luxembourg,LUX,2007,58369.7
Luxembourg,LUX,2008,56383.19
Luxembourg,LUX,2009,52731.39
Luxembourg,LUX,2010,54086.34
Luxembourg,LUX,2011,54031
Luxembourg,LUX,2012,52562
Luxembourg,LUX,2013,53411
Luxembourg,LUX,2014,55102
Luxembourg,LUX,2015,55972
Luxembourg,LUX,2016,57006
Luxembourg,LUX,2017,56779.55
Luxembourg,LUX,2018,57427.5
Madagascar,MDG,2000,1238.78
Madagascar,MDG,2001,1290.11
Madagascar,MDG,2002,1110.82
Madagascar,MDG,2003,1198.44
Madagascar,MDG,2004,1239.9
Madagascar,MDG,2005,1276.49
Madagascar,MDG,2006,1322.48
Madagascar,MDG,2007,1384.19
Madagascar,MDG,2008,1458.79
Madagascar,MDG,2009,1367.69
Madagascar,MDG,2010,1349.62
Madagascar,MDG,2011,1347
Madagascar,MDG,2012,1351
Madagascar,MDG,2013,1345
Madagascar,MDG,2014,1354
Madagascar,MDG,2015,1360
Madagascar,MDG,2016,1381
Madagascar,MDG,2017,1399.58
Madagascar,MDG,2018,1427.6
Malawi,MWI,2000,967.09
Malawi,MWI,2001,899.23
Malawi,MWI,2002,886.2
Malawi,MWI,2003,905.8
Malawi,MWI,2004,922.76
Malawi,MWI,2005,920.05
Malawi,MWI,2006,929.48
Malawi,MWI,2007,982.39
Malawi,MWI,2008,1017.82
Malawi,MWI,2009,1061.95
Malawi,MWI,2010,1091.59
Malawi,MWI,2011,1102
Malawi,MWI,2012,1085
Malawi,MWI,2013,1104
Malawi,MWI,2014,1129
Malawi,MWI,2015,1124
Malawi,MWI,2016,1112
Malawi,MWI,2017,1118.77
Malawi,MWI,2018,1116.64
Malaysia,MYS,2000,13474.7
Malaysia,MYS,2001,13307.21
Malaysia,MYS,2002,13809.87
Malaysia,MYS,2003,14362.16
Malaysia,MYS,2004,15087.25
Malaysia,MYS,2005,15651.12
Malaysia,MYS,2006,16353.92
Malaysia,MYS,2007,17209.58
Malaysia,MYS,2008,17865.64
Malaysia,MYS,2009,17430.44
Malaysia,MYS,2010,18574.3
Malaysia,MYS,2011,19390
Malaysia,MYS,2012,20134
Malaysia,MYS,2013,20760
Malaysia,MYS,2014,21683
Malaysia,MYS,2015,22432
Malaysia,MYS,2016,23053
Malaysia,MYS,2017,24041.11
Malaysia,MYS,2018,24842.36
Mali,MLI,2000,1153.05
Mali,MLI,2001,1309.26
Mali,MLI,2002,1321.34
Mali,MLI,2003,1391.26
Mali,MLI,2004,1366.98
Mali,MLI,2005,1414.79
Mali,MLI,2006,1438.21
Mali,MLI,2007,1441.21
Mali,MLI,2008,1460.5
Mali,MLI,2009,1477.42
Mali,MLI,2010,1505
Mali,MLI,2011,1500
Mali,MLI,2012,1448
Mali,MLI,2013,1443
Mali,MLI,2014,1505
Mali,MLI,2015,1553
Mali,MLI,2016,1594
Mali,MLI,2017,1629.36
Mali,MLI,2018,1667.3
Malta,MLT,2000,20434.55
Malta,MLT,2001,20413.05
Malta,MLT,2002,20873.98
Malta,MLT,2003,21273.13
Malta,MLT,2004,21233
Malta,MLT,2005,21905.22
Malta,MLT,2006,22233.72
Malta,MLT,2007,23048.26
Malta,MLT,2008,23674.59
Malta,MLT,2009,22927.66
Malta,MLT,2010,23632.62
Malta,MLT,2011,23871
Malta,MLT,2012,24301
Malta,MLT,2013,25162
Malta,MLT,2014,26998
Malta,MLT,2015,28700
Malta,MLT,2016,29817
Malta,MLT,2017,30901.93
Malta,MLT,2018,32028.91
Mauritania,MRT,2000,1934.74
Mauritania,MRT,2001,1964.45
Mauritania,MRT,2002,1967.45
Mauritania,MRT,2003,2076.23
Mauritania,MRT,2004,2185.95
Mauritania,MRT,2005,2371.01
Mauritania,MRT,2006,2807.2
Mauritania,MRT,2007,2875.03
Mauritania,MRT,2008,2895.67
Mauritania,MRT,2009,2855.57
Mauritania,MRT,2010,2982.75
Mauritania,MRT,2011,3104
Mauritania,MRT,2012,3213
Mauritania,MRT,2013,3319
Mauritania,MRT,2014,3459
Mauritania,MRT,2015,3424
Mauritania,MRT,2016,3407
Mauritania,MRT,2017,3431.46
Mauritania,MRT,2018,3457.52
Mauritius,MUS,2000,14272.3
Mauritius,MUS,2001,14347.61
Mauritius,MUS,2002,14196.04
Mauritius,MUS,2003,14623.31
Mauritius,MUS,2004,14854.61
Mauritius,MUS,2005,14725.16
Mauritius,MUS,2006,15042.54
Mauritius,MUS,2007,15519.42
Mauritius,MUS,2008,15957.96
Mauritius,MUS,2009,16029.26
Mauritius,MUS,2010,16269.32
Mauritius,MUS,2011,16483
Mauritius,MUS,2012,16893
Mauritius,MUS,2013,17311
Mauritius,MUS,2014,17818
Mauritius,MUS,2015,18322
Mauritius,MUS,2016,18918
Mauritius,MUS,2017,19521.58
Mauritius,MUS,2018,20138.57
Mexico,MEX,2000,12613.4
Mexico,MEX,2001,12565.47
Mexico,MEX,2002,12645.5
Mexico,MEX,2003,12793.96
Mexico,MEX,2004,13287.6
Mexico,MEX,2005,13655.8
Mexico,MEX,2006,14287.56
Mexico,MEX,2007,14684.73
Mexico,MEX,2008,14808.09
Mexico,MEX,2009,14026.99
Mexico,MEX,2010,14697.3
Mexico,MEX,2011,15210
Mexico,MEX,2012,15639
Mexico,MEX,2013,15680
Mexico,MEX,2014,15856
Mexico,MEX,2015,16096
Mexico,MEX,2016,16133
Mexico,MEX,2017,16308.64
Mexico,MEX,2018,16494.08
Middle East,,2000,9639.64
Middle East,,2010,16716.33
Middle East,,2016,18010
Middle East,,2017,18403.52
Middle East,,2018,18429.74
Moldova,MDA,2000,2989.53
Moldova,MDA,2001,3150.63
Moldova,MDA,2002,3373.71
Moldova,MDA,2003,3575.27
Moldova,MDA,2004,3813.43
Moldova,MDA,2005,4073.67
Moldova,MDA,2006,4243.07
Moldova,MDA,2007,4342.75
Moldova,MDA,2008,4652.46
Moldova,MDA,2009,4342.53
Moldova,MDA,2010,4615.32
Moldova,MDA,2011,4892
Moldova,MDA,2012,4905
Moldova,MDA,2013,5421
Moldova,MDA,2014,5739
Moldova,MDA,2015,5775
Moldova,MDA,2016,6068
Moldova,MDA,2017,6419.14
Moldova,MDA,2018,6746.73
Mongolia,MNG,2000,2936.06
Mongolia,MNG,2001,3133.56
Mongolia,MNG,2002,3401.95
Mongolia,MNG,2003,3775.44
Mongolia,MNG,2004,4334.23
Mongolia,MNG,2005,4822.23
Mongolia,MNG,2006,5426.85
Mongolia,MNG,2007,6196.59
Mongolia,MNG,2008,6982.15
Mongolia,MNG,2009,7126.81
Mongolia,MNG,2010,7830.06
Mongolia,MNG,2011,9484
Mongolia,MNG,2012,10493
Mongolia,MNG,2013,11545
Mongolia,MNG,2014,12283
Mongolia,MNG,2015,12398
Mongolia,MNG,2016,12360
Mongolia,MNG,2017,12767.82
Mongolia,MNG,2018,13382.54
Montenegro,MNE,2000,6046.14
Montenegro,MNE,2001,6429.56
Montenegro,MNE,2002,6897.73
Montenegro,MNE,2003,7445.05
Montenegro,MNE,2004,8193.75
Montenegro,MNE,2005,9002.22
Montenegro,MNE,2006,10307.65
Montenegro,MNE,2007,12027.43
Montenegro,MNE,2008,13550.36
Montenegro,MNE,2009,13459.5
Montenegro,MNE,2010,14509.77
Montenegro,MNE,2011,15747
Montenegro,MNE,2012,15421
Montenegro,MNE,2013,16064
Montenegro,MNE,2014,16437
Montenegro,MNE,2015,17249
Montenegro,MNE,2016,17741
Montenegro,MNE,2017,18568.9
Montenegro,MNE,2018,19504.16
Morocco,MAR,2000,4753.64
Morocco,MAR,2001,5042.07
Morocco,MAR,2002,5140.87
Morocco,MAR,2003,5386.85
Morocco,MAR,2004,5584.15
Morocco,MAR,2005,5708.03
Morocco,MAR,2006,6076.95
Morocco,MAR,2007,6228.43
Morocco,MAR,2008,6530.98
Morocco,MAR,2009,6741.46
Morocco,MAR,2010,6931.56
Morocco,MAR,2011,7226
Morocco,MAR,2012,7365
Morocco,MAR,2013,7619
Morocco,MAR,2014,7733
Morocco,MAR,2015,8001
Morocco,MAR,2016,8039
Morocco,MAR,2017,8290.81
Morocco,MAR,2018,8451.14
Mozambique,MOZ,2000,1196.01
Mozambique,MOZ,2001,1219.38
Mozambique,MOZ,2002,1199.73
Mozambique,MOZ,2003,1155.7
Mozambique,MOZ,2004,1125.83
Mozambique,MOZ,2005,1107.53
Mozambique,MOZ,2006,1099.34
Mozambique,MOZ,2007,1067.97
Mozambique,MOZ,2008,1031.36
Mozambique,MOZ,2009,991.75
Mozambique,MOZ,2010,956.53
Mozambique,MOZ,2011,925
Mozambique,MOZ,2012,967
Mozambique,MOZ,2013,1011
Mozambique,MOZ,2014,1060
Mozambique,MOZ,2015,1103
Mozambique,MOZ,2016,1113
Mozambique,MOZ,2017,1124.66
Mozambique,MOZ,2018,1132.77
Myanmar,MMR,2000,1843.49
Myanmar,MMR,2001,1996.37
Myanmar,MMR,2002,2175.88
Myanmar,MMR,2003,2410.57
Myanmar,MMR,2004,2664.94
Myanmar,MMR,2005,2947.1
Myanmar,MMR,2006,3246.69
Myanmar,MMR,2007,3542.59
Myanmar,MMR,2008,3585.77
Myanmar,MMR,2009,3673.44
Myanmar,MMR,2010,3773
Myanmar,MMR,2011,3884
Myanmar,MMR,2012,4124
Myanmar,MMR,2013,4424
Myanmar,MMR,2014,4728
Myanmar,MMR,2015,5021
Myanmar,MMR,2016,5284
Myanmar,MMR,2017,5536.43
Myanmar,MMR,2018,5838.22
Namibia,NAM,2000,5971.81
Namibia,NAM,2001,5888.43
Namibia,NAM,2002,6069.32
Namibia,NAM,2003,6082.43
Namibia,NAM,2004,6712.77
Namibia,NAM,2005,6807.58
Namibia,NAM,2006,7208.69
Namibia,NAM,2007,7509.53
Namibia,NAM,2008,7618.03
Namibia,NAM,2009,7548.13
Namibia,NAM,2010,7905.54
Namibia,NAM,2011,8203
Namibia,NAM,2012,8483
Namibia,NAM,2013,8793
Namibia,NAM,2014,9170
Namibia,NAM,2015,9462
Namibia,NAM,2016,9376
Namibia,NAM,2017,9188
Namibia,NAM,2018,9043.12
Nepal,NPL,2000,1676.75
Nepal,NPL,2001,1738.31
Nepal,NPL,2002,1709.78
Nepal,NPL,2003,1747.78
Nepal,NPL,2004,1802.14
Nepal,NPL,2005,1836.31
Nepal,NPL,2006,1884.19
Nepal,NPL,2007,1927.39
Nepal,NPL,2008,2021.15
Nepal,NPL,2009,2085.24
Nepal,NPL,2010,2152.27
Nepal,NPL,2011,2189
Nepal,NPL,2012,2258
Nepal,NPL,2013,2316
Nepal,NPL,2014,2421
Nepal,NPL,2015,2455
Nepal,NPL,2016,2435
Nepal,NPL,2017,2600.03
Nepal,NPL,2018,2727.42
Netherlands,NLD,2000,37899.95
Netherlands,NLD,2001,38636.22
Netherlands,NLD,2002,38653.12
Netherlands,NLD,2003,38803.96
Netherlands,NLD,2004,39682.38
Netherlands,NLD,2005,40679.49
Netherlands,NLD,2006,42286.51
Netherlands,NLD,2007,44008.75
Netherlands,NLD,2008,44840.71
Netherlands,NLD,2009,43178.51
Netherlands,NLD,2010,43812.35
Netherlands,NLD,2011,44591
Netherlands,NLD,2012,43957
Netherlands,NLD,2013,43744
Netherlands,NLD,2014,44205
Netherlands,NLD,2015,44869
Netherlands,NLD,2016,45600
Netherlands,NLD,2017,46650.76
Netherlands,NLD,2018,47474.11
New Zealand,NZL,2000,26823.02
New Zealand,NZL,2001,27167.32
New Zealand,NZL,2002,28065.86
New Zealand,NZL,2003,28876.29
New Zealand,NZL,2004,29806.74
New Zealand,NZL,2005,30270.25
New Zealand,NZL,2006,30798.63
New Zealand,NZL,2007,31784.44
New Zealand,NZL,2008,31444.63
New Zealand,NZL,2009,31233.08
New Zealand,NZL,2010,31586.09
New Zealand,NZL,2011,32057
New Zealand,NZL,2012,32674
New Zealand,NZL,2013,32989
New Zealand,NZL,2014,33339
New Zealand,NZL,2015,33696
New Zealand,NZL,2016,34295
New Zealand,NZL,2017,34875.95
New Zealand,NZL,2018,35336.14
Nicaragua,NIC,2000,2858.53
Nicaragua,NIC,2001,2944.24
Nicaragua,NIC,2002,2969.46
Nicaragua,NIC,2003,3049.15
Nicaragua,NIC,2004,3220.26
Nicaragua,NIC,2005,3370.78
Nicaragua,NIC,2006,3525.55
Nicaragua,NIC,2007,3729.85
Nicaragua,NIC,2008,3856.55
Nicaragua,NIC,2009,3771.95
Nicaragua,NIC,2010,3916.97
Nicaragua,NIC,2011,4189
Nicaragua,NIC,2012,4376
Nicaragua,NIC,2013,4527
Nicaragua,NIC,2014,4685
Nicaragua,NIC,2015,4866
Nicaragua,NIC,2016,5045
Nicaragua,NIC,2017,5213.99
Nicaragua,NIC,2018,4952.48
Niger,NER,2000,693.38
Niger,NER,2001,723.31
Niger,NER,2002,734.59
Niger,NER,2003,758.11
Niger,NER,2004,725.13
Niger,NER,2005,757.24
Niger,NER,2006,771.42
Niger,NER,2007,766.19
Niger,NER,2008,809.45
Niger,NER,2009,775.25
Niger,NER,2010,810.16
Niger,NER,2011,799
Niger,NER,2012,864
Niger,NER,2013,880
Niger,NER,2014,911
Niger,NER,2015,913
Niger,NER,2016,925
Niger,NER,2017,935.37
Niger,NER,2018,964.66
Nigeria,NGA,2000,2144.83
Nigeria,NGA,2001,2282.82
Nigeria,NGA,2002,2609.13
Nigeria,NGA,2003,2848.28
Nigeria,NGA,2004,3136.63
Nigeria,NGA,2005,3347.82
Nigeria,NGA,2006,3564.63
Nigeria,NGA,2007,3817.48
Nigeria,NGA,2008,4084.2
Nigeria,NGA,2009,4416.35
Nigeria,NGA,2010,4904.87
Nigeria,NGA,2011,5136
Nigeria,NGA,2012,5223
Nigeria,NGA,2013,5370
Nigeria,NGA,2014,5569
Nigeria,NGA,2015,5578
Nigeria,NGA,2016,5360
Nigeria,NGA,2017,5271.14
Nigeria,NGA,2018,5237.66
North Korea,PRK,2000,1657.14
North Korea,PRK,2001,1704.37
North Korea,PRK,2002,1710.95
North Korea,PRK,2003,1729.62
North Korea,PRK,2004,1753.69
North Korea,PRK,2005,1808.06
North Korea,PRK,2006,1778.5
North Korea,PRK,2007,1746.93
North Korea,PRK,2008,1794.66
North Korea,PRK,2009,1768.89
North Korea,PRK,2010,1751.44
North Korea,PRK,2011,1756.61
North Korea,PRK,2012,1770.92
North Korea,PRK,2013,1781.3
North Korea,PRK,2014,1791.34
North Korea,PRK,2015,1762.52
North Korea,PRK,2016,1742.02
North Korea,PRK,2017,1673.28
North Korea,PRK,2018,1596.35
North Macedonia,MKD,2000,8083.79
North Macedonia,MKD,2001,7835.03
North Macedonia,MKD,2002,7964.08
North Macedonia,MKD,2003,8160.41
North Macedonia,MKD,2004,8561.38
North Macedonia,MKD,2005,8984.55
North Macedonia,MKD,2006,9466.26
North Macedonia,MKD,2007,10099.41
North Macedonia,MKD,2008,10674.21
North Macedonia,MKD,2009,10657.88
North Macedonia,MKD,2010,11038.29
North Macedonia,MKD,2011,11321
North Macedonia,MKD,2012,11242
North Macedonia,MKD,2013,11544
North Macedonia,MKD,2014,11937
North Macedonia,MKD,2015,12371
North Macedonia,MKD,2016,12644
North Macedonia,MKD,2017,12753.21
North Macedonia,MKD,2018,13074.23
Norway,NOR,2000,54039.96
Norway,NOR,2001,56578.38
Norway,NOR,2002,58840.41
Norway,NOR,2003,60852.26
Norway,NOR,2004,64824.14
Norway,NOR,2005,68108.56
Norway,NOR,2006,71310.53
Norway,NOR,2007,74879.81
Norway,NOR,2008,76522.06
Norway,NOR,2009,76625.63
Norway,NOR,2010,78476.15
Norway,NOR,2011,80623
Norway,NOR,2012,81759
Norway,NOR,2013,81583
Norway,NOR,2014,82216
Norway,NOR,2015,82713
Norway,NOR,2016,82814
Norway,NOR,2017,84056.33
Norway,NOR,2018,84580.14
Oman,OMN,2000,24186.37
Oman,OMN,2001,26431.1
Oman,OMN,2002,27141.84
Oman,OMN,2003,27313.98
Oman,OMN,2004,28607.08
Oman,OMN,2005,30392.56
Oman,OMN,2006,33374.89
Oman,OMN,2007,36424.98
Oman,OMN,2008,40909.94
Oman,OMN,2009,44244.65
Oman,OMN,2010,46182.16
Oman,OMN,2011,44454
Oman,OMN,2012,44008
Oman,OMN,2013,41680
Oman,OMN,2014,39418
Oman,OMN,2015,38738
Oman,OMN,2016,38515
Oman,OMN,2017,37101.74
Oman,OMN,2018,36477.64
Pakistan,PAK,2000,3154.51
Pakistan,PAK,2001,3176.95
Pakistan,PAK,2002,3265.69
Pakistan,PAK,2003,3437.99
Pakistan,PAK,2004,3664.53
Pakistan,PAK,2005,3883.93
Pakistan,PAK,2006,4062.67
Pakistan,PAK,2007,4160.37
Pakistan,PAK,2008,4224.4
Pakistan,PAK,2009,4288.46
Pakistan,PAK,2010,4354.27
Pakistan,PAK,2011,4464
Pakistan,PAK,2012,4569
Pakistan,PAK,2013,4703
Pakistan,PAK,2014,4850
Pakistan,PAK,2015,5030
Pakistan,PAK,2016,5223
Pakistan,PAK,2017,5392.23
Pakistan,PAK,2018,5510.4
Palestine,PSE,2000,5377.39
Palestine,PSE,2001,4626.3
Palestine,PSE,2002,3842.15
Palestine,PSE,2003,4158.3
Palestine,PSE,2004,4358.52
Palestine,PSE,2005,4589.63
Palestine,PSE,2006,4193.15
Palestine,PSE,2007,4250.99
Palestine,PSE,2008,4287.21
Palestine,PSE,2009,4426.32
Palestine,PSE,2010,4548.53
Palestine,PSE,2011,4863
Palestine,PSE,2012,5054
Palestine,PSE,2013,5054
Palestine,PSE,2014,4939
Palestine,PSE,2015,5003
Palestine,PSE,2016,5321.38
Palestine,PSE,2017,5270.07
Palestine,PSE,2018,5207.76
Panama,PAN,2000,9898.79
Panama,PAN,2001,9804.56
Panama,PAN,2002,9879.45
Panama,PAN,2003,10153.77
Panama,PAN,2004,10769.52
Panama,PAN,2005,11389.24
Panama,PAN,2006,12195.75
Panama,PAN,2007,13492.38
Panama,PAN,2008,14466.97
Panama,PAN,2009,14515.77
Panama,PAN,2010,15169.12
Panama,PAN,2011,16762
Panama,PAN,2012,18051
Panama,PAN,2013,18979
Panama,PAN,2014,19855
Panama,PAN,2015,20723
Panama,PAN,2016,21449
Panama,PAN,2017,22206.99
Panama,PAN,2018,22637.15
Paraguay,PRY,2000,4896.43
Paraguay,PRY,2001,4918.05
Paraguay,PRY,2002,5571.43
Paraguay,PRY,2003,5726.99
Paraguay,PRY,2004,5876.66
Paraguay,PRY,2005,5922.79
Paraguay,PRY,2006,6128.64
Paraguay,PRY,2007,6383.49
Paraguay,PRY,2008,6713.03
Paraguay,PRY,2009,6376.94
Paraguay,PRY,2010,7139.03
Paraguay,PRY,2011,7377
Paraguay,PRY,2012,7193
Paraguay,PRY,2013,8102
Paraguay,PRY,2014,8382
Paraguay,PRY,2015,8539
Paraguay,PRY,2016,8786
Paraguay,PRY,2017,9113.79
Paraguay,PRY,2018,9338.95
Peru,PER,2000,6038.24
Peru,PER,2001,6010.23
Peru,PER,2002,6274.42
Peru,PER,2003,6472.34
Peru,PER,2004,6731
Peru,PER,2005,7091.13
Peru,PER,2006,7560.9
Peru,PER,2007,8138.37
Peru,PER,2008,8812.62
Peru,PER,2009,8836.02
Peru,PER,2010,9507.78
Peru,PER,2011,10044
Peru,PER,2012,10533
Peru,PER,2013,11034
Peru,PER,2014,11186
Peru,PER,2015,11445
Peru,PER,2016,11776
Peru,PER,2017,11952.53
Peru,PER,2018,12310.08
Philippines,PHL,2000,4033.56
Philippines,PHL,2001,4090.22
Philippines,PHL,2002,4181.38
Philippines,PHL,2003,4333.21
Philippines,PHL,2004,4562.5
Philippines,PHL,2005,4721
Philippines,PHL,2006,4908.62
Philippines,PHL,2007,5172.66
Philippines,PHL,2008,5328.68
Philippines,PHL,2009,5338.31
Philippines,PHL,2010,5694.05
Philippines,PHL,2011,5851
Philippines,PHL,2012,6144
Philippines,PHL,2013,6472
Philippines,PHL,2014,6763
Philippines,PHL,2015,7047
Philippines,PHL,2016,7410
Philippines,PHL,2017,7781.11
Philippines,PHL,2018,8139.14
Poland,POL,2000,12732.17
Poland,POL,2001,13017.58
Poland,POL,2002,13415.57
Poland,POL,2003,14035.64
Poland,POL,2004,14906.09
Poland,POL,2005,15580.94
Poland,POL,2006,16711.45
Poland,POL,2007,18067.43
Poland,POL,2008,19011.55
Poland,POL,2009,19718.46
Poland,POL,2010,20608.69
Poland,POL,2011,21837
Poland,POL,2012,22188
Poland,POL,2013,22510
Poland,POL,2014,23266
Poland,POL,2015,24177
Poland,POL,2016,24838
Poland,POL,2017,26061.16
Poland,POL,2018,27455.24
Portugal,PRT,2000,23372.04
Portugal,PRT,2001,23751.37
Portugal,PRT,2002,23896.46
Portugal,PRT,2003,23677.52
Portugal,PRT,2004,24142.77
Portugal,PRT,2005,24377.95
Portugal,PRT,2006,24809.04
Portugal,PRT,2007,25477.21
Portugal,PRT,2008,25590.88
Portugal,PRT,2009,24902.46
Portugal,PRT,2010,25463.16
Portugal,PRT,2011,25133
Portugal,PRT,2012,24218
Portugal,PRT,2013,24076
Portugal,PRT,2014,24423
Portugal,PRT,2015,24915
Portugal,PRT,2016,25346
Portugal,PRT,2017,26298.79
Portugal,PRT,2018,27035.6
Puerto Rico,PRI,2000,27392.46
Puerto Rico,PRI,2001,29517.05
Puerto Rico,PRI,2002,30218.01
Puerto Rico,PRI,2003,30688.1
Puerto Rico,PRI,2004,32110.84
Puerto Rico,PRI,2005,32013.54
Puerto Rico,PRI,2006,32195.16
Puerto Rico,PRI,2007,32511.11
Puerto Rico,PRI,2008,32604.09
Puerto Rico,PRI,2009,32648.1
Puerto Rico,PRI,2010,33195.44
Puerto Rico,PRI,2011,33981
Puerto Rico,PRI,2012,34395
Puerto Rico,PRI,2013,34736
Puerto Rico,PRI,2014,34787
Puerto Rico,PRI,2015,35384
Puerto Rico,PRI,2016,35082
Puerto Rico,PRI,2017,35439.2
Puerto Rico,PRI,2018,35076.29
Qatar,QAT,2000,45788.12
Qatar,QAT,2001,50525.71
Qatar,QAT,2002,57541.1
Qatar,QAT,2003,62234.21
Qatar,QAT,2004,74372.93
Qatar,QAT,2005,76808.42
Qatar,QAT,2006,90120.92
Qatar,QAT,2007,97912.69
Qatar,QAT,2008,107402.06
Qatar,QAT,2009,115283.42
Qatar,QAT,2010,134802.78
Qatar,QAT,2011,155533
Qatar,QAT,2012,153922
Qatar,QAT,2013,154159
Qatar,QAT,2014,155069
Qatar,QAT,2015,156029
Qatar,QAT,2016,156299
Qatar,QAT,2017,154669.03
Qatar,QAT,2018,153764.16
Romania,ROU,2000,7089.95
Romania,ROU,2001,7860.44
Romania,ROU,2002,8673.62
Romania,ROU,2003,9369.23
Romania,ROU,2004,10531.17
Romania,ROU,2005,11313.82
Romania,ROU,2006,12823.23
Romania,ROU,2007,14418.83
Romania,ROU,2008,16347.34
Romania,ROU,2009,15866.13
Romania,ROU,2010,16377.33
Romania,ROU,2011,17174
Romania,ROU,2012,17174
Romania,ROU,2013,17979
Romania,ROU,2014,18515
Romania,ROU,2015,19320
Romania,ROU,2016,17782
Romania,ROU,2017,19158.36
Romania,ROU,2018,20126.29
Russia,RUS,2000,10552.88
Russia,RUS,2001,11391.19
Russia,RUS,2002,12259.48
Russia,RUS,2003,13521.24
Russia,RUS,2004,14880.98
Russia,RUS,2005,16243.1
Russia,RUS,2006,18008.34
Russia,RUS,2007,20018.12
Russia,RUS,2008,21563.46
Russia,RUS,2009,20335.56
Russia,RUS,2010,21737.38
Russia,RUS,2011,23130
Russia,RUS,2012,23931
Russia,RUS,2013,24224
Russia,RUS,2014,24387
Russia,RUS,2015,23691
Russia,RUS,2016,23635
Russia,RUS,2017,24042.63
Russia,RUS,2018,24668.91
Rwanda,RWA,2000,1023.62
Rwanda,RWA,2001,1067.23
Rwanda,RWA,2002,1154.11
Rwanda,RWA,2003,1130.04
Rwanda,RWA,2004,1159.03
Rwanda,RWA,2005,1210.51
Rwanda,RWA,2006,1261.76
Rwanda,RWA,2007,1291.19
Rwanda,RWA,2008,1364.75
Rwanda,RWA,2009,1384.26
Rwanda,RWA,2010,1416.39
Rwanda,RWA,2011,1449
Rwanda,RWA,2012,1531
Rwanda,RWA,2013,1554
Rwanda,RWA,2014,1615
Rwanda,RWA,2015,1693
Rwanda,RWA,2016,1758
Rwanda,RWA,2017,1819.08
Rwanda,RWA,2018,1929.29
Saint Lucia,LCA,2000,7191.27
Saint Lucia,LCA,2001,7014.29
Saint Lucia,LCA,2002,7141.75
Saint Lucia,LCA,2003,7602.13
Saint Lucia,LCA,2004,8322.35
Saint Lucia,LCA,2005,8418.91
Saint Lucia,LCA,2006,9135.34
Saint Lucia,LCA,2007,9377.9
Saint Lucia,LCA,2008,9931.68
Saint Lucia,LCA,2009,10061.63
Saint Lucia,LCA,2010,10058.62
Saint Lucia,LCA,2011,10255
Saint Lucia,LCA,2012,10067
Saint Lucia,LCA,2013,10037
Saint Lucia,LCA,2014,10035
Saint Lucia,LCA,2015,10185
Saint Lucia,LCA,2016,10233
Saint Lucia,LCA,2017,10440.01
Saint Lucia,LCA,2018,10475.37
Sao Tome and Principe,STP,2000,2218.82
Sao Tome and Principe,STP,2001,2245.61
Sao Tome and Principe,STP,2002,2250.09
Sao Tome and Principe,STP,2003,2363.18
Sao Tome and Principe,STP,2004,2408.76
Sao Tome and Principe,STP,2005,2532.87
Sao Tome and Principe,STP,2006,2713.76
Sao Tome and Principe,STP,2007,2752.09
Sao Tome and Principe,STP,2008,2925.89
Sao Tome and Principe,STP,2009,2949.89
Sao Tome and Principe,STP,2010,3093.35
Sao Tome and Principe,STP,2011,3179
Sao Tome and Principe,STP,2012,3217
Sao Tome and Principe,STP,2013,3314
Sao Tome and Principe,STP,2014,3474
Sao Tome and Principe,STP,2015,3545
Sao Tome and Principe,STP,2016,3624
Sao Tome and Principe,STP,2017,3721.01
Sao Tome and Principe,STP,2018,3730.2
Saudi Arabia,SAU,2000,23904.52
Saudi Arabia,SAU,2001,24192
Saudi Arabia,SAU,2002,24053.97
Saudi Arabia,SAU,2003,27367.09
Saudi Arabia,SAU,2004,30233.51
Saudi Arabia,SAU,2005,32700.33
Saudi Arabia,SAU,2006,34483.04
Saudi Arabia,SAU,2007,36070.32
Saudi Arabia,SAU,2008,39393.43
Saudi Arabia,SAU,2009,39671.56
Saudi Arabia,SAU,2010,42737.65
Saudi Arabia,SAU,2011,48470
Saudi Arabia,SAU,2012,49867
Saudi Arabia,SAU,2013,50005
Saudi Arabia,SAU,2014,50693
Saudi Arabia,SAU,2015,51681
Saudi Arabia,SAU,2016,51397
Saudi Arabia,SAU,2017,50001.94
Saudi Arabia,SAU,2018,50304.75
Senegal,SEN,2000,1983.52
Senegal,SEN,2001,2009.94
Senegal,SEN,2002,1959.61
Senegal,SEN,2003,2025.02
Senegal,SEN,2004,2074.95
Senegal,SEN,2005,2121.16
Senegal,SEN,2006,2104.44
Senegal,SEN,2007,2137.67
Senegal,SEN,2008,2146.79
Senegal,SEN,2009,2129.34
Senegal,SEN,2010,2151.32
Senegal,SEN,2011,2123
Senegal,SEN,2012,2163
Senegal,SEN,2013,2185
Senegal,SEN,2014,2224
Senegal,SEN,2015,2311
Senegal,SEN,2016,2403
Senegal,SEN,2017,2519.68
Senegal,SEN,2018,2617.12
Serbia,SRB,2000,6059.58
Serbia,SRB,2001,6542.68
Serbia,SRB,2002,7155.58
Serbia,SRB,2003,7637.83
Serbia,SRB,2004,8512.17
Serbia,SRB,2005,9198.41
Serbia,SRB,2006,9902.43
Serbia,SRB,2007,10768.94
Serbia,SRB,2008,11650.23
Serbia,SRB,2009,11576.59
Serbia,SRB,2010,11963.56
Serbia,SRB,2011,12463
Serbia,SRB,2012,12384
Serbia,SRB,2013,12764
Serbia,SRB,2014,12606
Serbia,SRB,2015,12765
Serbia,SRB,2016,13184
Serbia,SRB,2017,13488.67
Serbia,SRB,2018,14124.12
Seychelles,SYC,2000,14379.83
Seychelles,SYC,2001,14221.16
Seychelles,SYC,2002,14581.41
Seychelles,SYC,2003,13835.99
Seychelles,SYC,2004,13735.9
Seychelles,SYC,2005,15172.56
Seychelles,SYC,2006,16824.61
Seychelles,SYC,2007,18832.83
Seychelles,SYC,2008,18687.39
Seychelles,SYC,2009,18744
Seychelles,SYC,2010,20147.18
Seychelles,SYC,2011,21545
Seychelles,SYC,2012,22130
Seychelles,SYC,2013,23036
Seychelles,SYC,2014,24250
Seychelles,SYC,2015,25690
Seychelles,SYC,2016,26624
Seychelles,SYC,2017,27573.69
Seychelles,SYC,2018,29531.06
Sierra Leone,SLE,2000,828.79
Sierra Leone,SLE,2001,923.05
Sierra Leone,SLE,2002,1101.75
Sierra Leone,SLE,2003,1156.52
Sierra Leone,SLE,2004,1197.15
Sierra Leone,SLE,2005,1223.7
Sierra Leone,SLE,2006,1247.25
Sierra Leone,SLE,2007,1320.76
Sierra Leone,SLE,2008,1363.49
Sierra Leone,SLE,2009,1378.36
Sierra Leone,SLE,2010,1421.15
Sierra Leone,SLE,2011,1479
Sierra Leone,SLE,2012,1665
Sierra Leone,SLE,2013,1965
Sierra Leone,SLE,2014,2007
Sierra Leone,SLE,2015,1563
Sierra Leone,SLE,2016,1619
Sierra Leone,SLE,2017,1644.25
Sierra Leone,SLE,2018,1683.85
Singapore,SGP,2000,37772.76
Singapore,SGP,2001,36864.58
Singapore,SGP,2002,37829.9
Singapore,SGP,2003,38950.75
Singapore,SGP,2004,42111.17
Singapore,SGP,2005,44698.84
Singapore,SGP,2006,48073.59
Singapore,SGP,2007,51844.06
Singapore,SGP,2008,52180.17
Singapore,SGP,2009,51344.48
Singapore,SGP,2010,58612.73
Singapore,SGP,2011,61672
Singapore,SGP,2012,62783
Singapore,SGP,2013,64633
Singapore,SGP,2014,65655
Singapore,SGP,2015,65660
Singapore,SGP,2016,65729
Singapore,SGP,2017,67331.03
Singapore,SGP,2018,68402.35
Slovakia,SVK,2000,13904.99
Slovakia,SVK,2001,14361.9
Slovakia,SVK,2002,14984.73
Slovakia,SVK,2003,15773.09
Slovakia,SVK,2004,16570.86
Slovakia,SVK,2005,17649.52
Slovakia,SVK,2006,19099.43
Slovakia,SVK,2007,21109.94
Slovakia,SVK,2008,22231.99
Slovakia,SVK,2009,20953.04
Slovakia,SVK,2010,21941.21
Slovakia,SVK,2011,22483
Slovakia,SVK,2012,22816
Slovakia,SVK,2013,23132
Slovakia,SVK,2014,23703
Slovakia,SVK,2015,24588
Slovakia,SVK,2016,25364
Slovakia,SVK,2017,26096.15
Slovakia,SVK,2018,27075.53
Slovenia,SVN,2000,21501.34
Slovenia,SVN,2001,22006.95
Slovenia,SVN,2002,22725.31
Slovenia,SVN,2003,23257.42
Slovenia,SVN,2004,24150.58
Slovenia,SVN,2005,24966.94
Slovenia,SVN,2006,26182.78
Slovenia,SVN,2007,27832.76
Slovenia,SVN,2008,28473.6
Slovenia,SVN,2009,25905.51
Slovenia,SVN,2010,26000.92
Slovenia,SVN,2011,26004
Slovenia,SVN,2012,25252
Slovenia,SVN,2013,24944
Slovenia,SVN,2014,25693
Slovenia,SVN,2015,26268
Slovenia,SVN,2016,26908
Slovenia,SVN,2017,28190.18
Slovenia,SVN,2018,29244.92
South Africa,ZAF,2000,7582.78
South Africa,ZAF,2001,7839.63
South Africa,ZAF,2002,8171.21
South Africa,ZAF,2003,8451.45
South Africa,ZAF,2004,8877.92
South Africa,ZAF,2005,9393.69
South Africa,ZAF,2006,9978.47
South Africa,ZAF,2007,10576.29
South Africa,ZAF,2008,10977.15
South Africa,ZAF,2009,10873.05
South Africa,ZAF,2010,11318.6
South Africa,ZAF,2011,11838
South Africa,ZAF,2012,11992
South Africa,ZAF,2013,12171
South Africa,ZAF,2014,12242
South Africa,ZAF,2015,12246
South Africa,ZAF,2016,12139
South Africa,ZAF,2017,12189.36
South Africa,ZAF,2018,12165.79
South Korea,KOR,2000,23108.02
South Korea,KOR,2001,23804.44
South Korea,KOR,2002,25250.64
South Korea,KOR,2003,25679.25
South Korea,KOR,2004,26646.5
South Korea,KOR,2005,27443.28
South Korea,KOR,2006,28516.48
South Korea,KOR,2007,29716.57
South Korea,KOR,2008,30117.73
South Korea,KOR,2009,29967.56
South Korea,KOR,2010,31537.77
South Korea,KOR,2011,32225
South Korea,KOR,2012,32791
South Korea,KOR,2013,33588
South Korea,KOR,2014,34493
South Korea,KOR,2015,35269
South Korea,KOR,2016,36103
South Korea,KOR,2017,37093.22
South Korea,KOR,2018,37927.61
South and South-East Asia,,2000,3437.29
South and South-East Asia,,2010,5366.59
South and South-East Asia,,2016,6991.33
South and South-East Asia,,2017,7306.07
South and South-East Asia,,2018,7648.66
Spain,ESP,2000,26994.86
Spain,ESP,2001,28153.55
Spain,ESP,2002,28753.32
Spain,ESP,2003,29371.86
Spain,ESP,2004,30088.09
Spain,ESP,2005,30885.6
Spain,ESP,2006,31907.42
Spain,ESP,2007,32735.43
Spain,ESP,2008,32844.33
Spain,ESP,2009,31669.69
Spain,ESP,2010,31786.4
Spain,ESP,2011,31600
Spain,ESP,2012,30699
Spain,ESP,2013,30280
Spain,ESP,2014,30819
Spain,ESP,2015,31847
Spain,ESP,2016,30110
Spain,ESP,2017,30908.12
Spain,ESP,2018,31496.52
Sri Lanka,LKA,2000,5841.09
Sri Lanka,LKA,2001,5620.97
Sri Lanka,LKA,2002,5721.31
Sri Lanka,LKA,2003,5963.57
Sri Lanka,LKA,2004,6191.97
Sri Lanka,LKA,2005,6491.2
Sri Lanka,LKA,2006,6904.04
Sri Lanka,LKA,2007,7283.63
Sri Lanka,LKA,2008,7622.41
Sri Lanka,LKA,2009,7796.65
Sri Lanka,LKA,2010,8319.7
Sri Lanka,LKA,2011,8918
Sri Lanka,LKA,2012,9678
Sri Lanka,LKA,2013,9928
Sri Lanka,LKA,2014,10342
Sri Lanka,LKA,2015,10763
Sri Lanka,LKA,2016,11149
Sri Lanka,LKA,2017,11418.13
Sri Lanka,LKA,2018,11662.91
Sub-Sahara Africa,,2000,1981.22
Sub-Sahara Africa,,2010,3155.57
Sub-Sahara Africa,,2016,3491.18
Sub-Sahara Africa,,2017,3524.23
Sub-Sahara Africa,,2018,3532.37
Sudan,SDN,2000,1951.47
Sudan,SDN,2001,2075.62
Sudan,SDN,2002,2205.57
Sudan,SDN,2003,2373.06
Sudan,SDN,2004,2461.3
Sudan,SDN,2005,2642.52
Sudan,SDN,2006,2903.8
Sudan,SDN,2007,3233.7
Sudan,SDN,2008,3478.89
Sudan,SDN,2009,3580.19
Sudan,SDN,2010,3707.3
Sudan,SDN,2011,3669
Sudan,SDN,2012,3231
Sudan,SDN,2013,3451
Sudan,SDN,2014,3531
Sudan,SDN,2015,3625
Sudan,SDN,2016,3651
Sudan,SDN,2017,3566.15
Sudan,SDN,2018,3379.6
Sweden,SWE,2000,34202.6
Sweden,SWE,2001,34666.66
Sweden,SWE,2002,35569.77
Sweden,SWE,2003,36435.75
Sweden,SWE,2004,38016.06
Sweden,SWE,2005,39258.99
Sweden,SWE,2006,40992.3
Sweden,SWE,2007,42399.84
Sweden,SWE,2008,42189.96
Sweden,SWE,2009,40116.31
Sweden,SWE,2010,42634.75
Sweden,SWE,2011,42079
Sweden,SWE,2012,41650
Sweden,SWE,2013,41811
Sweden,SWE,2014,42476
Sweden,SWE,2015,43746
Sweden,SWE,2016,44659
Sweden,SWE,2017,45192.74
Sweden,SWE,2018,45541.89
Switzerland,CHE,2000,43251.1
Switzerland,CHE,2001,44398.64
Switzerland,CHE,2002,44934.32
Switzerland,CHE,2003,45441.6
Switzerland,CHE,2004,47263.6
Switzerland,CHE,2005,49273.9
Switzerland,CHE,2006,51862.96
Switzerland,CHE,2007,54509.54
Switzerland,CHE,2008,56054.88
Switzerland,CHE,2009,55171.5
Switzerland,CHE,2010,57219.5
Switzerland,CHE,2011,58686
Switzerland,CHE,2012,58674
Switzerland,CHE,2013,59036
Switzerland,CHE,2014,59485
Switzerland,CHE,2015,59307
Switzerland,CHE,2016,59662
Switzerland,CHE,2017,60171.44
Switzerland,CHE,2018,61372.73
Syria,SYR,2000,7668.07
Syria,SYR,2001,7509.3
Syria,SYR,2002,7529.7
Syria,SYR,2003,6986.52
Syria,SYR,2004,7051.43
Syria,SYR,2005,7037.72
Syria,SYR,2006,6901.78
Syria,SYR,2007,6779.54
Syria,SYR,2008,6600.38
Syria,SYR,2009,6586.52
Syria,SYR,2010,6520.61
Syria,SYR,2011,5979
Syria,SYR,2012,4829
Syria,SYR,2013,4124
Syria,SYR,2014,3536
Syria,SYR,2015,3049
Syria,SYR,2016,3091
Syria,SYR,2017,3241.4
Syria,SYR,2018,3349.46
Taiwan,TWN,2000,26787.45
Taiwan,TWN,2001,26203.98
Taiwan,TWN,2002,27425.81
Taiwan,TWN,2003,28348.85
Taiwan,TWN,2004,29975.14
Taiwan,TWN,2005,31374.45
Taiwan,TWN,2006,32867.37
Taiwan,TWN,2007,34761.31
Taiwan,TWN,2008,34762.37
Taiwan,TWN,2009,33974.45
Taiwan,TWN,2010,37385.49
Taiwan,TWN,2011,38565
Taiwan,TWN,2012,39207
Taiwan,TWN,2013,39971
Taiwan,TWN,2014,41472
Taiwan,TWN,2015,41668
Taiwan,TWN,2016,42165
Taiwan,TWN,2017,43503.79
Taiwan,TWN,2018,44663.86
Tajikistan,TJK,2000,1723.36
Tajikistan,TJK,2001,1845.48
Tajikistan,TJK,2002,1982.88
Tajikistan,TJK,2003,2135.91
Tajikistan,TJK,2004,2301.29
Tajikistan,TJK,2005,2416.87
Tajikistan,TJK,2006,2524.84
Tajikistan,TJK,2007,2647.21
Tajikistan,TJK,2008,2801.78
Tajikistan,TJK,2009,2853.89
Tajikistan,TJK,2010,2975.93
Tajikistan,TJK,2011,3111
Tajikistan,TJK,2012,3285
Tajikistan,TJK,2013,3471
Tajikistan,TJK,2014,3633
Tajikistan,TJK,2015,3789
Tajikistan,TJK,2016,3991
Tajikistan,TJK,2017,4204.91
Tajikistan,TJK,2018,4440.38
Tanzania,TZA,2000,1148.68
Tanzania,TZA,2001,1213.63
Tanzania,TZA,2002,1293.21
Tanzania,TZA,2003,1369.94
Tanzania,TZA,2004,1464.39
Tanzania,TZA,2005,1554.15
Tanzania,TZA,2006,1622
Tanzania,TZA,2007,1754.46
Tanzania,TZA,2008,1848.17
Tanzania,TZA,2009,1946.85
Tanzania,TZA,2010,2068.86
Tanzania,TZA,2011,2227
Tanzania,TZA,2012,2275
Tanzania,TZA,2013,2372
Tanzania,TZA,2014,2467
Tanzania,TZA,2015,2566
Tanzania,TZA,2016,2660
Tanzania,TZA,2017,2762.87
Tanzania,TZA,2018,2874.96
Thailand,THA,2000,9627.1
Thailand,THA,2001,9818.72
Thailand,THA,2002,10276.4
Thailand,THA,2003,10868.84
Thailand,THA,2004,11408.33
Thailand,THA,2005,11742.13
Thailand,THA,2006,12180.71
Thailand,THA,2007,12694.71
Thailand,THA,2008,12768.13
Thailand,THA,2009,12543.4
Thailand,THA,2010,13343.55
Thailand,THA,2011,13318
Thailand,THA,2012,14227
Thailand,THA,2013,14562
Thailand,THA,2014,14642
Thailand,THA,2015,15020
Thailand,THA,2016,15454
Thailand,THA,2017,16032.22
Thailand,THA,2018,16648.62
Togo,TGO,2000,1150.37
Togo,TGO,2001,1115.55
Togo,TGO,2002,1081.74
Togo,TGO,2003,1114.46
Togo,TGO,2004,1121.81
Togo,TGO,2005,1119.8
Togo,TGO,2006,1144.88
Togo,TGO,2007,1145.92
Togo,TGO,2008,1150.36
Togo,TGO,2009,1165.89
Togo,TGO,2010,1191.14
Togo,TGO,2011,1227
Togo,TGO,2012,1263
Togo,TGO,2013,1292
Togo,TGO,2014,1334
Togo,TGO,2015,1370
Togo,TGO,2016,1400
Togo,TGO,2017,1417.82
Togo,TGO,2018,1451.36
Trinidad and Tobago,TTO,2000,19179.92
Trinidad and Tobago,TTO,2001,19736.68
Trinidad and Tobago,TTO,2002,21052.45
Trinidad and Tobago,TTO,2003,23814.07
Trinidad and Tobago,TTO,2004,25403.27
Trinidad and Tobago,TTO,2005,26651.83
Trinidad and Tobago,TTO,2006,29792.42
Trinidad and Tobago,TTO,2007,30806.17
Trinidad and Tobago,TTO,2008,31434.3
Trinidad and Tobago,TTO,2009,29657.46
Trinidad and Tobago,TTO,2010,30235.99
Trinidad and Tobago,TTO,2011,29745
Trinidad and Tobago,TTO,2012,30157
Trinidad and Tobago,TTO,2013,30987
Trinidad and Tobago,TTO,2014,30842
Trinidad and Tobago,TTO,2015,30702
Trinidad and Tobago,TTO,2016,29178
Trinidad and Tobago,TTO,2017,28556.54
Trinidad and Tobago,TTO,2018,28549.41
Tunisia,TUN,2000,7548.44
Tunisia,TUN,2001,7848.09
Tunisia,TUN,2002,7916.68
Tunisia,TUN,2003,8281.72
Tunisia,TUN,2004,8705.08
Tunisia,TUN,2005,8983.38
Tunisia,TUN,2006,9420.02
Tunisia,TUN,2007,9932.94
Tunisia,TUN,2008,10294.92
Tunisia,TUN,2009,10533.22
Tunisia,TUN,2010,10721.81
Tunisia,TUN,2011,10437
Tunisia,TUN,2012,10739
Tunisia,TUN,2013,10898
Tunisia,TUN,2014,11040
Tunisia,TUN,2015,11060
Tunisia,TUN,2016,11073
Tunisia,TUN,2017,11168.26
Tunisia,TUN,2018,11353.89
Turkey,TUR,2000,11904.01
Turkey,TUR,2001,10950.99
Turkey,TUR,2002,11753.95
Turkey,TUR,2003,12380.21
Turkey,TUR,2004,13423.79
Turkey,TUR,2005,14487.76
Turkey,TUR,2006,15425.19
Turkey,TUR,2007,16090.83
Turkey,TUR,2008,16182.73
Turkey,TUR,2009,15188.42
Turkey,TUR,2010,16528.12
Turkey,TUR,2011,17919
Turkey,TUR,2012,18170
Turkey,TUR,2013,18788
Turkey,TUR,2014,19277
Turkey,TUR,2015,19836
Turkey,TUR,2016,17906
Turkey,TUR,2017,18995.82
Turkey,TUR,2018,19270.22
Turkmenistan,TKM,2000,4173.19
Turkmenistan,TKM,2001,5014.06
Turkmenistan,TKM,2002,5795.64
Turkmenistan,TKM,2003,6784.56
Turkmenistan,TKM,2004,7781.74
Turkmenistan,TKM,2005,8791.68
Turkmenistan,TKM,2006,9752.36
Turkmenistan,TKM,2007,10829.38
Turkmenistan,TKM,2008,12426.72
Turkmenistan,TKM,2009,13188.45
Turkmenistan,TKM,2010,14397.15
Turkmenistan,TKM,2011,16518
Turkmenistan,TKM,2012,18135
Turkmenistan,TKM,2013,19751
Turkmenistan,TKM,2014,21546
Turkmenistan,TKM,2015,22675
Turkmenistan,TKM,2016,23813
Turkmenistan,TKM,2017,25069.62
Turkmenistan,TKM,2018,26318.37
Uganda,UGA,2000,1191.95
Uganda,UGA,2001,1255.88
Uganda,UGA,2002,1301.06
Uganda,UGA,2003,1335.03
Uganda,UGA,2004,1364.69
Uganda,UGA,2005,1451.1
Uganda,UGA,2006,1501.39
Uganda,UGA,2007,1569.83
Uganda,UGA,2008,1679.4
Uganda,UGA,2009,1757.39
Uganda,UGA,2010,1831.29
Uganda,UGA,2011,1890
Uganda,UGA,2012,1877
Uganda,UGA,2013,1889
Uganda,UGA,2014,1923
Uganda,UGA,2015,1954
Uganda,UGA,2016,1980
Uganda,UGA,2017,1991.9
Uganda,UGA,2018,2045.42
Ukraine,UKR,2000,5165.81
Ukraine,UKR,2001,5793.66
Ukraine,UKR,2002,6262.98
Ukraine,UKR,2003,7029.57
Ukraine,UKR,2004,8049.4
Ukraine,UKR,2005,8496.68
Ukraine,UKR,2006,9355.99
Ukraine,UKR,2007,10355.82
Ukraine,UKR,2008,10824.08
Ukraine,UKR,2009,9381.23
Ukraine,UKR,2010,9601.21
Ukraine,UKR,2011,10333
Ukraine,UKR,2012,10383
Ukraine,UKR,2013,10404
Ukraine,UKR,2014,9818
Ukraine,UKR,2015,8961
Ukraine,UKR,2016,9214
Ukraine,UKR,2017,9484.38
Ukraine,UKR,2018,9813.36
United Arab Emirates,ARE,2000,48888.03
United Arab Emirates,ARE,2001,51263.38
United Arab Emirates,ARE,2002,54077.47
United Arab Emirates,ARE,2003,59823.27
United Arab Emirates,ARE,2004,64925.67
United Arab Emirates,ARE,2005,65599.06
United Arab Emirates,ARE,2006,67830.93
United Arab Emirates,ARE,2007,65412.8
United Arab Emirates,ARE,2008,63862.08
United Arab Emirates,ARE,2009,58860.54
United Arab Emirates,ARE,2010,60112.4
United Arab Emirates,ARE,2011,65307
United Arab Emirates,ARE,2012,68255
United Arab Emirates,ARE,2013,70791
United Arab Emirates,ARE,2014,72601
United Arab Emirates,ARE,2015,74746
United Arab Emirates,ARE,2016,75876
United Arab Emirates,ARE,2017,76643.5
United Arab Emirates,ARE,2018,76397.82
United Kingdom,GBR,2000,31946.04
United Kingdom,GBR,2001,32660.44
United Kingdom,GBR,2002,33271.3
United Kingdom,GBR,2003,34232.43
United Kingdom,GBR,2004,34865.78
United Kingdom,GBR,2005,35623.63
United Kingdom,GBR,2006,36214.07
United Kingdom,GBR,2007,36816.68
United Kingdom,GBR,2008,36264.79
United Kingdom,GBR,2009,34402.36
United Kingdom,GBR,2010,34754.47
United Kingdom,GBR,2011,34971
United Kingdom,GBR,2012,35185
United Kingdom,GBR,2013,35618
United Kingdom,GBR,2014,36436
United Kingdom,GBR,2015,36941
United Kingdom,GBR,2016,37334
United Kingdom,GBR,2017,37782.83
United Kingdom,GBR,2018,38058.09
United States,USA,2000,45886.47
United States,USA,2001,45878.01
United States,USA,2002,46266.3
United States,USA,2003,47158
United States,USA,2004,48492.72
United States,USA,2005,49654.76
United States,USA,2006,50489.86
United States,USA,2007,50901.74
United States,USA,2008,50275.75
United States,USA,2009,48452.93
United States,USA,2010,49266.92
United States,USA,2011,49675
United States,USA,2012,50394
United States,USA,2013,50863
United States,USA,2014,51664
United States,USA,2015,52591
United States,USA,2016,53015
United States,USA,2017,54007.77
United States,USA,2018,55334.74
Uruguay,URY,2000,13050.06
Uruguay,URY,2001,12463.92
Uruguay,URY,2002,11399.58
Uruguay,URY,2003,11438.69
Uruguay,URY,2004,11955.31
Uruguay,URY,2005,12757.5
Uruguay,URY,2006,13223.78
Uruguay,URY,2007,13976.39
Uruguay,URY,2008,14869.93
Uruguay,URY,2009,15144
Uruguay,URY,2010,16415.63
Uruguay,URY,2011,17211
Uruguay,URY,2012,17876
Uruguay,URY,2013,18589
Uruguay,URY,2014,19160
Uruguay,URY,2015,19244
Uruguay,URY,2016,19468
Uruguay,URY,2017,19918.14
Uruguay,URY,2018,20185.84
Uzbekistan,UZB,2000,4667.26
Uzbekistan,UZB,2001,4725.25
Uzbekistan,UZB,2002,4777.29
Uzbekistan,UZB,2003,4844.73
Uzbekistan,UZB,2004,5068.21
Uzbekistan,UZB,2005,5284
Uzbekistan,UZB,2006,5535.12
Uzbekistan,UZB,2007,5908
Uzbekistan,UZB,2008,6278.27
Uzbekistan,UZB,2009,6618.1
Uzbekistan,UZB,2010,7002.86
Uzbekistan,UZB,2011,7396
Uzbekistan,UZB,2012,7928
Uzbekistan,UZB,2013,8482
Uzbekistan,UZB,2014,9085
Uzbekistan,UZB,2015,9720
Uzbekistan,UZB,2016,10381
Uzbekistan,UZB,2017,10743.87
Uzbekistan,UZB,2018,11220.37
Venezuela,VEN,2000,13992.61
Venezuela,VEN,2001,14298.04
Venezuela,VEN,2002,12856.05
Venezuela,VEN,2003,11728.18
Venezuela,VEN,2004,13713.05
Venezuela,VEN,2005,14944.34
Venezuela,VEN,2006,16253.69
Venezuela,VEN,2007,17386.09
Venezuela,VEN,2008,18019.09
Venezuela,VEN,2009,17242.94
Venezuela,VEN,2010,17105.58
Venezuela,VEN,2011,17746
Venezuela,VEN,2012,18549
Venezuela,VEN,2013,21429
Venezuela,VEN,2014,20317
Venezuela,VEN,2015,18802
Venezuela,VEN,2016,15219
Venezuela,VEN,2017,12879.14
Venezuela,VEN,2018,10709.95
Vietnam,VNM,2000,2773.1
Vietnam,VNM,2001,2915.69
Vietnam,VNM,2002,3070.69
Vietnam,VNM,2003,3242.29
Vietnam,VNM,2004,3437.66
Vietnam,VNM,2005,3637.66
Vietnam,VNM,2006,3828.91
Vietnam,VNM,2007,4037.23
Vietnam,VNM,2008,4200.24
Vietnam,VNM,2009,4360.06
Vietnam,VNM,2010,4571.85
Vietnam,VNM,2011,4786
Vietnam,VNM,2012,4984
Vietnam,VNM,2013,5200
Vietnam,VNM,2014,5455
Vietnam,VNM,2015,5763
Vietnam,VNM,2016,6062
Vietnam,VNM,2017,6422.09
Vietnam,VNM,2018,6814.14
Western Europe,,2000,32536.31
Western Europe,,2010,37318.37
Western Europe,,2016,38511.33
Western Europe,,2017,39256.53
Western Europe,,2018,39789.9
Western Offshoots,,2000,44329.27
Western Offshoots,,2010,48090.15
Western Offshoots,,2016,51667.98
Western Offshoots,,2017,52597.22
Western Offshoots,,2018,53756.5
World,OWID_WRL,2000,9914.57
World,OWID_WRL,2010,13179.5
World,OWID_WRL,2016,14700.37
World,OWID_WRL,2017,14944.09
World,OWID_WRL,2018,15212.42
Yemen,YEM,2000,4212.11
Yemen,YEM,2001,4249.03
Yemen,YEM,2002,4292.1
Yemen,YEM,2003,4326.51
Yemen,YEM,2004,4371.4
Yemen,YEM,2005,4485.58
Yemen,YEM,2006,4497.26
Yemen,YEM,2007,4516.14
Yemen,YEM,2008,4549.01
Yemen,YEM,2009,4593.54
Yemen,YEM,2010,4812.35
Yemen,YEM,2011,4088
Yemen,YEM,2012,4077
Yemen,YEM,2013,4165
Yemen,YEM,2014,4054
Yemen,YEM,2015,2844
Yemen,YEM,2016,2506
Yemen,YEM,2017,2321.92
Yemen,YEM,2018,2284.89
Zambia,ZMB,2000,1428.5
Zambia,ZMB,2001,1504.45
Zambia,ZMB,2002,1579.02
Zambia,ZMB,2003,1698.55
Zambia,ZMB,2004,1828.31
Zambia,ZMB,2005,1970.02
Zambia,ZMB,2006,2133.59
Zambia,ZMB,2007,2318.63
Zambia,ZMB,2008,2504.76
Zambia,ZMB,2009,2743.32
Zambia,ZMB,2010,3032.07
Zambia,ZMB,2011,3205
Zambia,ZMB,2012,3350
Zambia,ZMB,2013,3419
Zambia,ZMB,2014,3478
Zambia,ZMB,2015,3478
Zambia,ZMB,2016,3479
Zambia,ZMB,2017,3497.58
Zambia,ZMB,2018,3534.03
Zimbabwe,ZWE,2000,2211.2
Zimbabwe,ZWE,2001,2193.74
Zimbabwe,ZWE,2002,2025.32
Zimbabwe,ZWE,2003,1700.96
Zimbabwe,ZWE,2004,1604.5
Zimbabwe,ZWE,2005,1496.03
Zimbabwe,ZWE,2006,1455.73
Zimbabwe,ZWE,2007,1422.16
Zimbabwe,ZWE,2008,1197.53
Zimbabwe,ZWE,2009,1285.05
Zimbabwe,ZWE,2010,1401.86
Zimbabwe,ZWE,2011,1515
Zimbabwe,ZWE,2012,1604
Zimbabwe,ZWE,2013,1604
Zimbabwe,ZWE,2014,1594
Zimbabwe,ZWE,2015,1560
Zimbabwe,ZWE,2016,1534
Zimbabwe,ZWE,2017,1582.37
Zimbabwe,ZWE,2018,1611.41
