Country,Human Rights Score,Year
Egypt,9.8,2021
Syria,9.7,2021
Yemen,9.7,2021
China,9.6,2021
Iran,9.5,2021
North Korea,9.4,2021
C.A. Republic,9.3,2021
Burundi,9.2,2021
DR Congo,9.2,2021
Burma,9.1,2021
Libya,9.1,2021
Venezuela,9.1,2021
Eritrea,8.9,2021
Russia,8.9,2021
Nigeria,8.7,2021
Somalia,8.7,2021
Bahrain,8.6,2021
Saudi Arabia,8.6,2021
Sudan,8.6,2021
Turkmenistan,8.6,2021
Tajikistan,8.5,2021
Eq. Guinea,8.4,2021
Ethiopia,8.4,2021
Chad,8.2,2021
Sri Lanka,8.2,2021
Swaziland,8.2,2021
Iraq,8.1,2021
Turkey,8,2021
Zimbabwe,8,2021
Belarus,7.9,2021
Thailand,7.9,2021
Gambia,7.8,2021
Philippines,7.8,2021
Vietnam,7.8,2021
Azerbaijan,7.7,2021
Cambodia,7.7,2021
India,7.7,2021
Palestine,7.7,2021
Uzbekistan,7.6,2021
Cameroon,7.5,2021
Maldives,7.5,2021
Afghanistan,7.4,2021
Brazil,7.4,2021
Mali,7.4,2021
Mozambique,7.4,2021
Uganda,7.4,2021
Nicaragua,7.3,2021
Pakistan,7.3,2021
Bangladesh,7.2,2021
Djibouti,7.2,2021
Guatemala,7.2,2021
Honduras,7.2,2021
Kuwait,7.2,2021
Haiti,7.1,2021
Ivory Coast,7.1,2021
Niger,7.1,2021
Lebanon,7,2021
Oman,7,2021
UA Emirates,7,2021
Zambia,7,2021
Brunei,6.9,2021
Guinea,6.9,2021
Laos,6.9,2021
Mauritania,6.9,2021
Papua N.G.,6.9,2021
Colombia,6.8,2021
Jordan,6.8,2021
Malaysia,6.8,2021
Gabon,6.7,2021
Kazakhstan,6.7,2021
Liberia,6.7,2021
Togo,6.7,2021
G.-Bissau,6.6,2021
Cuba,6.5,2021
Nepal,6.5,2021
Indonesia,6.4,2021
Algeria,6.3,2021
Kenya,6.3,2021
Kyrgyzstan,6.3,2021
Angola,6.2,2021
Tanzania,6.2,2021
Qatar,6.1,2021
Armenia,6,2021
Rwanda,6,2021
Ukraine,6,2021
Bolivia,5.9,2021
Comoros,5.8,2021
Macao,5.8,2021
Mexico,5.8,2021
Fiji,5.7,2021
Morocco,5.6,2021
Burkina Faso,5.5,2021
El Salvador,5.5,2021
Paraguay,5.5,2021
Tunisia,5.5,2021
Belize,5.4,2021
Hungary,5.3,2021
Malawi,5.3,2021
Bhutan,5.2,2021
Jamaica,5.2,2021
Lesotho,5.1,2021
Sierra Leone,5,2021
Benin,4.9,2021
Bosnia & Herz.,4.9,2021
Botswana,4.8,2021
Georgia,4.8,2021
Senegal,4.8,2021
Domin. Rep.,4.7,2021
Bahamas,4.6,2021
Moldova,4.5,2021
Singapore,4.5,2021
Ghana,4.4,2021
USA,4.4,2021
Ecuador,4.2,2021
Seychelles,4.2,2021
South Africa,4.2,2021
Suriname,4.2,2021
Mongolia,4,2021
Poland,4,2021
Solomon Isl.,4,2021
Panama,3.8,2021
Tr.&Tobago,3.7,2021
Albania,3.6,2021
Chile,3.6,2021
Mauritius,3.6,2021
Romania,3.6,2021
Samoa,3.6,2021
Peru,3.5,2021
Serbia,3.5,2021
Montenegro,3.4,2021
Argentina,3.3,2021
Greece,3.3,2021
Guyana,3.3,2021
Malta,3.3,2021
Barbados,3.1,2021
South Korea,3.1,2021
Japan,3,2021
North Macedonia,3,2021
Uruguay,3,2021
Bulgaria,2.9,2021
Israel,2.9,2021
Cape Verde,2.8,2021
Cyprus,2.7,2021
Croatia,2.6,2021
Namibia,2.6,2021
Latvia,2.4,2021
Slovakia,2.3,2021
Lithuania,2.2,2021
Grenada,2.1,2021
UK,2.1,2021
Czechia,2,2021
Australia,1.7,2021
Ireland,1.6,2021
Canada,1.3,2021
Estonia,1.3,2021
France,1.2,2021
Spain,1.2,2021
Costa Rica,1.1,2021
Luxembourg,1.1,2021
Portugal,1.1,2021
Slovenia,1.1,2021
Denmark,0.9,2021
Italy,0.9,2021
Sweden,0.9,2021
Germany,0.8,2021
Switzerland,0.8,2021
Netherlands,0.7,2021
Belgium,0.6,2021
Austria,0.5,2021
Finland,0.5,2021
Iceland,0.5,2021
New Zealand,0.5,2021
Norway,0.5,2021
Syria,10,2020
Yemen,10,2020
Egypt,9.7,2020
DR Congo,9.5,2020
Burma,9.4,2020
Libya,9.4,2020
North Korea,9.4,2020
China,9.3,2020
C.A. Republic,9.2,2020
Iran,9.2,2020
Burundi,9.1,2020
Somalia,9,2020
Venezuela,9,2020
Saudi Arabia,8.9,2020
Sudan,8.9,2020
Russia,8.8,2020
Bahrain,8.7,2020
Eritrea,8.7,2020
Turkmenistan,8.6,2020
Chad,8.5,2020
Swaziland,8.5,2020
Nigeria,8.4,2020
Eq. Guinea,8.3,2020
Tajikistan,8.3,2020
Turkey,8.3,2020
Zimbabwe,8.3,2020
Gambia,8.1,2020
R. of Congo,8.1,2020
Sri Lanka,8.1,2020
Azerbaijan,8,2020
Ethiopia,7.9,2020
Cameroon,7.8,2020
Iraq,7.8,2020
Thailand,7.8,2020
Mali,7.7,2020
Uganda,7.7,2020
Vietnam,7.7,2020
Afghanistan,7.6,2020
India,7.6,2020
Nicaragua,7.6,2020
Uzbekistan,7.6,2020
Philippines,7.5,2020
Belarus,7.4,2020
Djibouti,7.4,2020
Maldives,7.4,2020
Cambodia,7.3,2020
UA Emirates,7.3,2020
Brunei,7.2,2020
Gabon,7.2,2020
Mauritania,7.2,2020
Oman,7.2,2020
Jordan,7.1,2020
Malaysia,7.1,2020
Pakistan,7.1,2020
Zambia,7.1,2020
Bangladesh,7,2020
Brazil,7,2020
Guatemala,7,2020
Ivory Coast,7,2020
Kuwait,7,2020
Laos,7,2020
G.-Bissau,6.9,2020
Haiti,6.9,2020
Honduras,6.9,2020
Lebanon,6.9,2020
Niger,6.9,2020
Papua N.G.,6.9,2020
Togo,6.9,2020
Guinea,6.8,2020
Nepal,6.8,2020
Indonesia,6.7,2020
Israel,6.6,2020
Kyrgyzstan,6.6,2020
Colombia,6.5,2020
Kenya,6.5,2020
Angola,6.4,2020
Cuba,6.4,2020
Kazakhstan,6.4,2020
Algeria,6.3,2020
Armenia,6.3,2020
Rwanda,6.3,2020
Ukraine,6.3,2020
Bolivia,6.2,2020
Liberia,6.2,2020
Qatar,6.1,2020
Tanzania,6.1,2020
Fiji,6,2020
Mexico,6,2020
Morocco,5.9,2020
Comoros,5.8,2020
Madagascar,5.8,2020
Bhutan,5.7,2020
Burkina Faso,5.7,2020
Malawi,5.6,2020
Tunisia,5.6,2020
Jamaica,5.5,2020
Belize,5.4,2020
El Salvador,5.4,2020
Paraguay,5.4,2020
Mozambique,5.3,2020
Sierra Leone,5.2,2020
Bosnia & Herz.,5.1,2020
Georgia,5.1,2020
Lesotho,5.1,2020
Senegal,5.1,2020
Domin. Rep.,5,2020
Hungary,5,2020
Botswana,4.9,2020
Moldova,4.8,2020
Ghana,4.7,2020
Benin,4.6,2020
Bahamas,4.3,2020
Singapore,4.3,2020
Solomon Isl.,4.3,2020
Ant.& Barb.,4.2,2020
Mongolia,4,2020
Suriname,4,2020
Albania,3.9,2020
Chile,3.9,2020
Ecuador,3.9,2020
Poland,3.9,2020
Seychelles,3.9,2020
South Africa,3.9,2020
USA,3.9,2020
Mauritius,3.8,2020
Serbia,3.8,2020
Montenegro,3.7,2020
Argentina,3.6,2020
Samoa,3.6,2020
Micronesia,3.5,2020
Panama,3.5,2020
Tr.&Tobago,3.5,2020
Barbados,3.4,2020
Peru,3.4,2020
Romania,3.3,2020
Guyana,3.2,2020
Japan,3.2,2020
Cape Verde,3.1,2020
Malta,3.1,2020
South Korea,3.1,2020
Bulgaria,3,2020
Greece,3,2020
S.T.&Principe,3,2020
Croatia,2.9,2020
Cyprus,2.9,2020
Namibia,2.9,2020
North Macedonia,2.9,2020
Latvia,2.7,2020
Uruguay,2.7,2020
Grenada,2.4,2020
Lithuania,2.4,2020
Slovakia,2.4,2020
Czechia,2.1,2020
Ireland,1.8,2020
UK,1.8,2020
Australia,1.4,2020
Canada,1.4,2020
Denmark,1.4,2020
Estonia,1.4,2020
France,1.3,2020
Costa Rica,1.2,2020
Luxembourg,1.2,2020
Slovenia,1.2,2020
Italy,1.1,2020
Switzerland,1.1,2020
Netherlands,0.9,2020
Portugal,0.9,2020
Spain,0.9,2020
Germany,0.8,2020
Belgium,0.7,2020
Iceland,0.7,2020
Austria,0.6,2020
Norway,0.6,2020
Sweden,0.6,2020
Finland,0.5,2020
New Zealand,0.5,2020
Egypt,10,2019
Syria,10,2019
Yemen,9.9,2019
DR Congo,9.6,2019
C.A. Republic,9.5,2019
North Korea,9.4,2019
Sudan,9.4,2019
Burma,9.3,2019
Saudi Arabia,9.3,2019
Somalia,9.3,2019
Libya,9.1,2019
Russia,9.1,2019
Burundi,9,2019
Venezuela,9,2019
Iran,8.9,2019
Turkmenistan,8.9,2019
Chad,8.8,2019
China,8.8,2019
Swaziland,8.8,2019
Eritrea,8.7,2019
Bahrain,8.6,2019
Eq. Guinea,8.6,2019
Tajikistan,8.6,2019
Gambia,8.4,2019
R. of Congo,8.4,2019
Sri Lanka,8.4,2019
Azerbaijan,8.3,2019
Nigeria,8.3,2019
Ethiopia,8.2,2019
Zimbabwe,8.2,2019
Iraq,8.1,2019
Thailand,8.1,2019
Turkey,8.1,2019
Uganda,8,2019
Afghanistan,7.9,2019
Uzbekistan,7.9,2019
Vietnam,7.8,2019
Belarus,7.7,2019
Cameroon,7.7,2019
Djibouti,7.7,2019
Maldives,7.7,2019
Cambodia,7.6,2019
Mali,7.6,2019
UA Emirates,7.6,2019
Mauritania,7.5,2019
Oman,7.5,2019
Gabon,7.4,2019
Jordan,7.4,2019
Malaysia,7.4,2019
Pakistan,7.4,2019
Philippines,7.4,2019
Zambia,7.4,2019
Bangladesh,7.3,2019
Guatemala,7.3,2019
Ivory Coast,7.3,2019
Kuwait,7.3,2019
Laos,7.3,2019
Nicaragua,7.3,2019
G.-Bissau,7.2,2019
Haiti,7.2,2019
Lebanon,7.2,2019
Togo,7.2,2019
Brunei,7.1,2019
Guinea,7.1,2019
Nepal,7.1,2019
Indonesia,7,2019
Papua N.G.,7,2019
Brazil,6.9,2019
Honduras,6.9,2019
Israel,6.9,2019
Kyrgyzstan,6.9,2019
Kenya,6.8,2019
Niger,6.8,2019
Angola,6.7,2019
Colombia,6.7,2019
Cuba,6.7,2019
Kazakhstan,6.7,2019
Algeria,6.6,2019
Armenia,6.6,2019
Rwanda,6.6,2019
Ukraine,6.6,2019
Liberia,6.5,2019
Qatar,6.4,2019
Tanzania,6.4,2019
Fiji,6.3,2019
Morocco,6.2,2019
Bhutan,6,2019
Comoros,5.9,2019
Malawi,5.9,2019
Mexico,5.9,2019
Tunisia,5.9,2019
Bolivia,5.7,2019
El Salvador,5.7,2019
Paraguay,5.7,2019
Burkina Faso,5.6,2019
India,5.6,2019
Jamaica,5.6,2019
Madagascar,5.6,2019
Mozambique,5.6,2019
Senegal,5.4,2019
Belize,5.3,2019
Domin. Rep.,5.3,2019
Hungary,5.3,2019
Lesotho,5.2,2019
Sierra Leone,5.2,2019
Botswana,5.1,2019
Bosnia & Herz.,5,2019
Georgia,5,2019
Ghana,5,2019
Benin,4.9,2019
Moldova,4.6,2019
Singapore,4.6,2019
Solomon Isl.,4.6,2019
Ant.& Barb.,4.5,2019
Suriname,4.3,2019
Albania,4.2,2019
Ecuador,4.2,2019
Mongolia,4.2,2019
Poland,4.2,2019
South Africa,4.2,2019
Serbia,4.1,2019
Bahamas,4,2019
Argentina,3.9,2019
Samoa,3.9,2019
Mauritius,3.8,2019
Micronesia,3.8,2019
Panama,3.8,2019
Seychelles,3.8,2019
USA,3.8,2019
Montenegro,3.7,2019
Peru,3.7,2019
Tr.&Tobago,3.6,2019
Barbados,3.5,2019
Romania,3.5,2019
Cape Verde,3.4,2019
Guyana,3.4,2019
Greece,3.3,2019
Bulgaria,3.2,2019
Chile,3.2,2019
Croatia,3.2,2019
Japan,3.2,2019
Namibia,3.2,2019
North Macedonia,3.2,2019
South Korea,3.2,2019
Malta,3.1,2019
Latvia,3,2019
S.T.&Principe,2.9,2019
Uruguay,2.9,2019
Cyprus,2.8,2019
Grenada,2.7,2019
Lithuania,2.7,2019
Slovakia,2.4,2019
Czechia,2.2,2019
Ireland,1.8,2019
Australia,1.7,2019
Denmark,1.7,2019
Estonia,1.7,2019
France,1.6,2019
Costa Rica,1.5,2019
UK,1.5,2019
Canada,1.4,2019
Italy,1.4,2019
Switzerland,1.4,2019
Portugal,1.2,2019
Spain,1.2,2019
Belgium,1,2019
Iceland,1,2019
Luxembourg,1,2019
Netherlands,1,2019
Slovenia,1,2019
Austria,0.9,2019
Norway,0.9,2019
Sweden,0.9,2019
Germany,0.8,2019
New Zealand,0.8,2019
Finland,0.7,2019
Egypt,9.9,2018
Syria,9.9,2018
DR Congo,9.8,2018
Yemen,9.8,2018
Somalia,9.6,2018
C.A. Republic,9.4,2018
Libya,9.4,2018
North Korea,9.4,2018
Sudan,9.3,2018
Iran,9.2,2018
Russia,9.2,2018
Burma,9,2018
Saudi Arabia,9,2018
Venezuela,9,2018
Bahrain,8.9,2018
Burundi,8.9,2018
Eq. Guinea,8.9,2018
Gambia,8.9,2018
Chad,8.8,2018
Swaziland,8.8,2018
Eritrea,8.7,2018
Ethiopia,8.7,2018
Turkmenistan,8.7,2018
Uzbekistan,8.7,2018
Azerbaijan,8.6,2018
Nigeria,8.6,2018
China,8.5,2018
R. of Congo,8.5,2018
Zimbabwe,8.5,2018
Iraq,8.4,2018
Sri Lanka,8.4,2018
Tajikistan,8.3,2018
Afghanistan,8.2,2018
Belarus,8,2018
Maldives,8,2018
Thailand,8,2018
Uganda,7.9,2018
UA Emirates,7.9,2018
Cambodia,7.8,2018
Mauritania,7.8,2018
Oman,7.8,2018
Turkey,7.8,2018
Djibouti,7.7,2018
Jordan,7.7,2018
Malaysia,7.7,2018
Pakistan,7.7,2018
Vietnam,7.7,2018
Zambia,7.7,2018
Bangladesh,7.6,2018
Cameroon,7.6,2018
Ivory Coast,7.6,2018
Kuwait,7.6,2018
Laos,7.6,2018
Gabon,7.5,2018
G.-Bissau,7.5,2018
Brunei,7.4,2018
Guinea,7.4,2018
Haiti,7.4,2018
Nepal,7.4,2018
Indonesia,7.3,2018
Kenya,7.3,2018
Lebanon,7.3,2018
Mali,7.3,2018
Papua N.G.,7.3,2018
Cuba,7.2,2018
Israel,7.2,2018
Kyrgyzstan,7.2,2018
Guatemala,7.1,2018
Philippines,7.1,2018
Angola,7,2018
Kazakhstan,7,2018
Armenia,6.9,2018
Rwanda,6.9,2018
Honduras,6.8,2018
Niger,6.8,2018
Togo,6.8,2018
Brazil,6.7,2018
Colombia,6.7,2018
Fiji,6.6,2018
Morocco,6.5,2018
Ukraine,6.5,2018
Algeria,6.3,2018
Bhutan,6.3,2018
Liberia,6.2,2018
Malawi,6.2,2018
Mexico,6.2,2018
Qatar,6.2,2018
Tunisia,6.2,2018
Bolivia,6,2018
Comoros,6,2018
El Salvador,6,2018
Tanzania,6,2018
Burkina Faso,5.9,2018
India,5.8,2018
Jamaica,5.8,2018
Madagascar,5.8,2018
Senegal,5.7,2018
Domin. Rep.,5.6,2018
Paraguay,5.6,2018
Bosnia & Herz.,5.3,2018
Georgia,5.3,2018
Mozambique,5.3,2018
Hungary,5.2,2018
Sierra Leone,5.1,2018
Belize,5,2018
Botswana,5,2018
Ghana,5,2018
Benin,4.9,2018
Lesotho,4.9,2018
Nicaragua,4.9,2018
Singapore,4.9,2018
Solomon Isl.,4.9,2018
Moldova,4.6,2018
Suriname,4.6,2018
Albania,4.5,2018
Ecuador,4.5,2018
Ant.& Barb.,4.4,2018
Mongolia,4.4,2018
South Africa,4.3,2018
Serbia,4.1,2018
Panama,4,2018
Peru,4,2018
Samoa,4,2018
Montenegro,3.9,2018
Argentina,3.8,2018
Romania,3.8,2018
Tr.&Tobago,3.8,2018
Bahamas,3.7,2018
Cape Verde,3.7,2018
Mauritius,3.7,2018
Poland,3.7,2018
Micronesia,3.6,2018
Namibia,3.5,2018
North Macedonia,3.5,2018
Seychelles,3.5,2018
Guyana,3.4,2018
Croatia,3.3,2018
USA,3.3,2018
Barbados,3.2,2018
Bulgaria,3.2,2018
Greece,3.2,2018
South Korea,3.2,2018
Chile,3.1,2018
Japan,3.1,2018
Uruguay,3.1,2018
Cyprus,3,2018
Grenada,3,2018
Malta,3,2018
S.T.&Principe,3,2018
Latvia,2.8,2018
Slovakia,2.5,2018
Czechia,2.2,2018
Lithuania,2.2,2018
Australia,2,2018
Estonia,1.9,2018
France,1.9,2018
UK,1.8,2018
Ireland,1.7,2018
Italy,1.7,2018
Costa Rica,1.6,2018
Portugal,1.5,2018
Spain,1.5,2018
Switzerland,1.5,2018
Canada,1.3,2018
Belgium,1.2,2018
Denmark,1.2,2018
Slovenia,1.2,2018
Austria,1,2018
Luxembourg,1,2018
Netherlands,1,2018
Norway,0.9,2018
Sweden,0.9,2018
Germany,0.8,2018
Iceland,0.8,2018
New Zealand,0.8,2018
Finland,0.7,2018
DR Congo,9.8,2017
Egypt,9.8,2017
Syria,9.8,2017
C.A. Republic,9.7,2017
Yemen,9.7,2017
Sudan,9.6,2017
Iran,9.5,2017
Somalia,9.5,2017
Gambia,9.4,2017
North Korea,9.4,2017
Eq. Guinea,9.2,2017
Russia,9.2,2017
Uzbekistan,9.2,2017
Chad,9.1,2017
Libya,9.1,2017
Saudi Arabia,9.1,2017
Swaziland,9.1,2017
Eritrea,9,2017
Ethiopia,9,2017
Burma,8.9,2017
Nigeria,8.9,2017
Venezuela,8.9,2017
Bahrain,8.8,2017
Burundi,8.8,2017
Iraq,8.7,2017
Turkmenistan,8.7,2017
Afghanistan,8.5,2017
Azerbaijan,8.5,2017
China,8.5,2017
R. of Congo,8.5,2017
Sri Lanka,8.3,2017
Maldives,8.2,2017
Tajikistan,8.2,2017
Zimbabwe,8.2,2017
Malaysia,8,2017
Pakistan,8,2017
Thailand,8,2017
Belarus,7.9,2017
Ivory Coast,7.9,2017
Jordan,7.9,2017
Kuwait,7.9,2017
Laos,7.9,2017
Mauritania,7.9,2017
Djibouti,7.8,2017
Uganda,7.8,2017
UA Emirates,7.8,2017
Brunei,7.7,2017
Cambodia,7.7,2017
Guinea,7.7,2017
Nepal,7.7,2017
Oman,7.7,2017
Turkey,7.7,2017
Haiti,7.6,2017
Papua N.G.,7.6,2017
Cameroon,7.5,2017
Cuba,7.5,2017
Gabon,7.5,2017
G.-Bissau,7.5,2017
Israel,7.5,2017
Kyrgyzstan,7.5,2017
Bangladesh,7.4,2017
Lebanon,7.4,2017
Vietnam,7.4,2017
Zambia,7.4,2017
Angola,7.3,2017
Kazakhstan,7.3,2017
Mali,7.3,2017
Guatemala,7.2,2017
Indonesia,7.2,2017
Rwanda,7.2,2017
Armenia,7,2017
Colombia,7,2017
Kenya,7,2017
Fiji,6.9,2017
Honduras,6.9,2017
Morocco,6.8,2017
Togo,6.7,2017
Algeria,6.6,2017
Bhutan,6.6,2017
Philippines,6.6,2017
Liberia,6.5,2017
Mexico,6.5,2017
Niger,6.5,2017
Tunisia,6.5,2017
Brazil,6.4,2017
Comoros,6.3,2017
El Salvador,6.3,2017
Qatar,6.3,2017
Malawi,6.2,2017
Ukraine,6.2,2017
Burkina Faso,6.1,2017
Bolivia,6,2017
India,6,2017
Senegal,6,2017
Paraguay,5.9,2017
Tanzania,5.9,2017
Domin. Rep.,5.8,2017
Bosnia & Herz.,5.6,2017
Georgia,5.6,2017
Madagascar,5.6,2017
Mozambique,5.6,2017
Jamaica,5.5,2017
Sierra Leone,5.3,2017
Benin,5.2,2017
Hungary,5.2,2017
Nicaragua,5.2,2017
Solomon Isl.,5.2,2017
Ghana,5.1,2017
Botswana,5,2017
Ecuador,5,2017
Lesotho,5,2017
Moldova,4.9,2017
Albania,4.8,2017
Belize,4.7,2017
Singapore,4.6,2017
Suriname,4.6,2017
Mongolia,4.5,2017
Ant.& Barb.,4.4,2017
Serbia,4.4,2017
Panama,4.3,2017
Peru,4.3,2017
South Africa,4.2,2017
Argentina,4.1,2017
Montenegro,4.1,2017
Samoa,4.1,2017
Tr.&Tobago,4.1,2017
Cape Verde,4,2017
Namibia,3.8,2017
North Macedonia,3.8,2017
Seychelles,3.8,2017
Romania,3.7,2017
Bahamas,3.6,2017
Croatia,3.6,2017
Guyana,3.5,2017
Mauritius,3.4,2017
Bulgaria,3.3,2017
Micronesia,3.3,2017
S.T.&Principe,3.3,2017
Greece,3.2,2017
Grenada,3.2,2017
Poland,3.2,2017
USA,3.2,2017
Chile,3,2017
Cyprus,3,2017
Japan,3,2017
Malta,3,2017
Barbados,2.9,2017
South Korea,2.9,2017
Latvia,2.8,2017
Uruguay,2.8,2017
Lithuania,2.5,2017
Slovakia,2.5,2017
Czechia,2.4,2017
Australia,2.3,2017
France,2.1,2017
Italy,2,2017
Portugal,1.8,2017
Spain,1.8,2017
Switzerland,1.8,2017
Estonia,1.7,2017
UK,1.7,2017
Belgium,1.5,2017
Costa Rica,1.5,2017
Denmark,1.5,2017
Slovenia,1.5,2017
Ireland,1.4,2017
Canada,1.3,2017
Austria,1.2,2017
Germany,1.1,2017
Norway,1.1,2017
Sweden,1.1,2017
Finland,1,2017
Iceland,1,2017
Luxembourg,1,2017
Netherlands,1,2017
New Zealand,1,2017
DR Congo,10,2016
C.A. Republic,9.9,2016
Syria,9.8,2016
Egypt,9.7,2016
Somalia,9.7,2016
North Korea,9.6,2016
Iran,9.5,2016
Eq. Guinea,9.4,2016
Russia,9.4,2016
Uzbekistan,9.4,2016
Yemen,9.4,2016
Chad,9.3,2016
Libya,9.3,2016
Sudan,9.3,2016
Eritrea,9.1,2016
Nigeria,9.1,2016
Gambia,8.9,2016
Iraq,8.9,2016
Saudi Arabia,8.9,2016
Turkmenistan,8.9,2016
Swaziland,8.8,2016
Afghanistan,8.7,2016
China,8.7,2016
Azerbaijan,8.6,2016
Burma,8.6,2016
Venezuela,8.6,2016
Burundi,8.5,2016
Ethiopia,8.5,2016
Sri Lanka,8.5,2016
Zimbabwe,8.4,2016
Bahrain,8.3,2016
Pakistan,8.2,2016
R. of Congo,8.2,2016
Thailand,8.2,2016
Belarus,8.1,2016
Ivory Coast,8.1,2016
Laos,8.1,2016
Mauritania,8.1,2016
Jordan,8,2016
Uganda,8,2016
Brunei,7.9,2016
Cambodia,7.9,2016
Guinea,7.9,2016
Tajikistan,7.9,2016
Cameroon,7.7,2016
Cuba,7.7,2016
Haiti,7.7,2016
Israel,7.7,2016
Malaysia,7.7,2016
Maldives,7.7,2016
Bangladesh,7.6,2016
Kuwait,7.6,2016
Angola,7.5,2016
Djibouti,7.5,2016
G.-Bissau,7.5,2016
UA Emirates,7.5,2016
Vietnam,7.5,2016
Indonesia,7.4,2016
Kazakhstan,7.4,2016
Lebanon,7.4,2016
Nepal,7.4,2016
Oman,7.4,2016
Rwanda,7.4,2016
Turkey,7.4,2016
Colombia,7.2,2016
Gabon,7.2,2016
Kenya,7.2,2016
Papua N.G.,7.1,2016
Zambia,7.1,2016
Armenia,7,2016
Kyrgyzstan,7,2016
Mali,7,2016
Morocco,7,2016
Guatemala,6.9,2016
Togo,6.9,2016
Algeria,6.8,2016
Liberia,6.7,2016
Niger,6.7,2016
Tunisia,6.7,2016
Fiji,6.6,2016
Honduras,6.6,2016
Comoros,6.5,2016
El Salvador,6.5,2016
Qatar,6.5,2016
Malawi,6.4,2016
Bhutan,6.3,2016
Burkina Faso,6.3,2016
Bolivia,6.2,2016
India,6.2,2016
Mexico,6.2,2016
Senegal,6.2,2016
Ukraine,6.2,2016
Bosnia & Herz.,6.1,2016
Brazil,6.1,2016
Paraguay,6.1,2016
Tanzania,6.1,2016
Domin. Rep.,6,2016
Georgia,5.8,2016
Madagascar,5.8,2016
Mozambique,5.8,2016
Philippines,5.6,2016
Sierra Leone,5.5,2016
Benin,5.4,2016
Nicaragua,5.4,2016
Solomon Isl.,5.4,2016
Ghana,5.3,2016
Ecuador,5.2,2016
Jamaica,5.2,2016
Moldova,5.1,2016
Albania,5,2016
Hungary,4.9,2016
Suriname,4.8,2016
Botswana,4.7,2016
Lesotho,4.7,2016
Mongolia,4.7,2016
Ant.& Barb.,4.6,2016
Serbia,4.6,2016
Panama,4.5,2016
Peru,4.5,2016
Belize,4.4,2016
South Africa,4.4,2016
Samoa,4.3,2016
Seychelles,4.3,2016
Singapore,4.3,2016
Tr.&Tobago,4.3,2016
Cape Verde,4.2,2016
Montenegro,4.1,2016
Namibia,4,2016
North Macedonia,4,2016
Romania,3.9,2016
Argentina,3.8,2016
Croatia,3.8,2016
Guyana,3.6,2016
Mauritius,3.6,2016
Bulgaria,3.5,2016
S.T.&Principe,3.5,2016
Grenada,3.4,2016
Micronesia,3.4,2016
USA,3.4,2016
Bahamas,3.3,2016
Chile,3.2,2016
Cyprus,3.2,2016
Greece,3.2,2016
Japan,3.2,2016
Malta,3.2,2016
Poland,2.9,2016
South Korea,2.9,2016
Latvia,2.8,2016
Lithuania,2.7,2016
Slovakia,2.7,2016
Barbados,2.6,2016
Czechia,2.6,2016
Australia,2.5,2016
Uruguay,2.5,2016
France,2.3,2016
Italy,2.2,2016
Portugal,2,2016
Spain,2,2016
Switzerland,2,2016
UK,1.9,2016
Estonia,1.8,2016
Costa Rica,1.7,2016
Denmark,1.7,2016
Slovenia,1.7,2016
Norway,1.6,2016
Canada,1.5,2016
Austria,1.4,2016
Germany,1.3,2016
Sweden,1.3,2016
Ireland,1.1,2016
Netherlands,1.1,2016
Belgium,1,2016
Finland,1,2016
Iceland,1,2016
Luxembourg,1,2016
New Zealand,0.7,2016
C.A. Republic,10,2015
DR Congo,10,2015
Somalia,10,2015
Syria,10,2015
Egypt,9.8,2015
Eq. Guinea,9.7,2015
North Korea,9.7,2015
Sudan,9.6,2015
Chad,9.4,2015
Eritrea,9.3,2015
Iran,9.3,2015
China,9.2,2015
Saudi Arabia,9.2,2015
Uzbekistan,9.1,2015
Yemen,9.1,2015
Libya,9,2015
Iraq,8.9,2015
Russia,8.9,2015
Nigeria,8.8,2015
Sri Lanka,8.8,2015
Turkmenistan,8.8,2015
Afghanistan,8.6,2015
Gambia,8.6,2015
Ethiopia,8.5,2015
Swaziland,8.5,2015
Azerbaijan,8.4,2015
Belarus,8.4,2015
Pakistan,8.4,2015
Burma,8.3,2015
Cambodia,8.3,2015
Venezuela,8.3,2015
Zimbabwe,8.3,2015
Burundi,8.2,2015
Guinea,8.2,2015
Laos,8.1,2015
Cameroon,8,2015
Mauritania,8,2015
Ivory Coast,7.9,2015
R. of Congo,7.9,2015
Uganda,7.9,2015
Bahrain,7.8,2015
Vietnam,7.8,2015
Bangladesh,7.7,2015
Brunei,7.7,2015
Nepal,7.7,2015
Rwanda,7.7,2015
Thailand,7.7,2015
Jordan,7.6,2015
Tajikistan,7.6,2015
Kazakhstan,7.5,2015
Maldives,7.5,2015
Oman,7.5,2015
Haiti,7.4,2015
Israel,7.4,2015
Angola,7.3,2015
Colombia,7.3,2015
Cuba,7.3,2015
Kuwait,7.3,2015
Djibouti,7.2,2015
G.-Bissau,7.2,2015
Kyrgyzstan,7.2,2015
Lebanon,7.2,2015
Malaysia,7.2,2015
Togo,7.2,2015
Algeria,7.1,2015
UA Emirates,7.1,2015
Morocco,7,2015
Tunisia,7,2015
Fiji,6.9,2015
Gabon,6.9,2015
Indonesia,6.8,2015
Niger,6.8,2015
Zambia,6.8,2015
Liberia,6.7,2015
Mali,6.7,2015
Guatemala,6.6,2015
Papua N.G.,6.6,2015
Armenia,6.5,2015
Bhutan,6.5,2015
Kenya,6.5,2015
Mexico,6.5,2015
Turkey,6.4,2015
Ukraine,6.4,2015
Honduras,6.3,2015
Burkina Faso,6.2,2015
Malawi,6.2,2015
Qatar,6.2,2015
Senegal,6.2,2015
Comoros,6.1,2015
El Salvador,6.1,2015
Madagascar,6.1,2015
Mozambique,6.1,2015
Paraguay,6.1,2015
Tanzania,6,2015
Bolivia,5.9,2015
India,5.9,2015
Philippines,5.9,2015
Bosnia & Herz.,5.8,2015
Brazil,5.8,2015
Georgia,5.8,2015
Solomon Isl.,5.7,2015
Benin,5.6,2015
Sierra Leone,5.6,2015
Albania,5.5,2015
Domin. Rep.,5.5,2015
Moldova,5.4,2015
Nicaragua,5.3,2015
Ghana,5.2,2015
Ecuador,5.1,2015
Jamaica,4.9,2015
Serbia,4.9,2015
Suriname,4.9,2015
Lesotho,4.8,2015
Mongolia,4.8,2015
Panama,4.8,2015
Peru,4.6,2015
Seychelles,4.6,2015
Singapore,4.6,2015
Tr.&Tobago,4.6,2015
Ant.& Barb.,4.5,2015
Cape Verde,4.5,2015
Hungary,4.5,2015
Samoa,4.5,2015
Botswana,4.4,2015
Namibia,4.3,2015
South Africa,4.3,2015
Montenegro,4.2,2015
Argentina,4.1,2015
Belize,4.1,2015
Croatia,4.1,2015
Guyana,3.9,2015
North Macedonia,3.9,2015
Romania,3.9,2015
S.T.&Principe,3.8,2015
Grenada,3.7,2015
USA,3.7,2015
Bulgaria,3.4,2015
Chile,3.4,2015
Greece,3.4,2015
Japan,3.4,2015
Mauritius,3.4,2015
Cyprus,3.3,2015
Malta,3.3,2015
Micronesia,3.1,2015
Bahamas,3,2015
Latvia,3,2015
Barbados,2.9,2015
Slovakia,2.7,2015
South Korea,2.6,2015
Italy,2.5,2015
Poland,2.5,2015
Australia,2.4,2015
Lithuania,2.4,2015
France,2.3,2015
Portugal,2.3,2015
Uruguay,2.2,2015
Costa Rica,2.1,2015
Czechia,2.1,2015
Estonia,2,2015
Slovenia,2,2015
Spain,1.9,2015
Canada,1.8,2015
Switzerland,1.8,2015
UK,1.8,2015
Austria,1.7,2015
Germany,1.5,2015
Denmark,1.3,2015
Norway,1.3,2015
Belgium,1.2,2015
Ireland,1.2,2015
Iceland,1.1,2015
Luxembourg,1,2015
Netherlands,1,2015
New Zealand,1,2015
Sweden,1,2015
Finland,0.9,2015
DR Congo,10,2014
Syria,9.9,2014
Somalia,9.8,2014
Egypt,9.7,2014
North Korea,9.6,2014
C.A. Republic,9.5,2014
Chad,9.5,2014
Eq. Guinea,9.5,2014
Iran,9.3,2014
Sudan,9.3,2014
Uzbekistan,9.3,2014
Eritrea,9.2,2014
China,9.1,2014
Sri Lanka,9.1,2014
Yemen,9,2014
Saudi Arabia,8.8,2014
Iraq,8.7,2014
Ivory Coast,8.7,2014
Libya,8.7,2014
Nigeria,8.7,2014
Russia,8.7,2014
Pakistan,8.6,2014
Zimbabwe,8.6,2014
Guinea,8.5,2014
Turkmenistan,8.5,2014
Afghanistan,8.3,2014
Cameroon,8.3,2014
Gambia,8.3,2014
Belarus,8.1,2014
Tunisia,8.1,2014
Bangladesh,8,2014
Burma,8,2014
Burundi,8,2014
Ethiopia,8,2014
Laos,8,2014
Swaziland,8,2014
Cambodia,7.9,2014
Tajikistan,7.9,2014
Bahrain,7.8,2014
Rwanda,7.8,2014
Venezuela,7.8,2014
Azerbaijan,7.7,2014
Mauritania,7.7,2014
Nepal,7.6,2014
R. of Congo,7.6,2014
Uganda,7.6,2014
Vietnam,7.6,2014
G.-Bissau,7.5,2014
Haiti,7.5,2014
Togo,7.5,2014
Algeria,7.4,2014
Brunei,7.4,2014
Maldives,7.4,2014
Oman,7.4,2014
Thailand,7.4,2014
Jordan,7.3,2014
Kyrgyzstan,7.3,2014
Niger,7.3,2014
Fiji,7.2,2014
Kazakhstan,7.2,2014
Colombia,7.1,2014
Israel,7.1,2014
Angola,7,2014
Bhutan,7,2014
Cuba,7,2014
Comoros,6.9,2014
Djibouti,6.9,2014
Kuwait,6.9,2014
Malaysia,6.9,2014
Armenia,6.8,2014
Kenya,6.8,2014
Lebanon,6.8,2014
Mali,6.8,2014
Zambia,6.8,2014
Guatemala,6.7,2014
Gabon,6.6,2014
Burkina Faso,6.5,2014
Malawi,6.5,2014
Morocco,6.5,2014
Senegal,6.5,2014
UA Emirates,6.5,2014
Mozambique,6.4,2014
Philippines,6.4,2014
Liberia,6.3,2014
Papua N.G.,6.3,2014
Tanzania,6.3,2014
Indonesia,6.2,2014
Bosnia & Herz.,6.1,2014
Georgia,6.1,2014
Ukraine,6.1,2014
Bolivia,6,2014
Honduras,6,2014
Mexico,6,2014
Paraguay,6,2014
Solomon Isl.,6,2014
Qatar,5.9,2014
Sierra Leone,5.9,2014
Turkey,5.9,2014
Domin. Rep.,5.8,2014
El Salvador,5.8,2014
Madagascar,5.8,2014
Moldova,5.7,2014
Brazil,5.6,2014
India,5.6,2014
Albania,5.5,2014
Serbia,5.2,2014
Suriname,5.2,2014
Benin,5.1,2014
Jamaica,5.1,2014
Lesotho,5.1,2014
Mongolia,5.1,2014
Nicaragua,5.1,2014
Ecuador,5,2014
Ghana,4.9,2014
Seychelles,4.9,2014
Singapore,4.9,2014
Tr.&Tobago,4.9,2014
Cape Verde,4.8,2014
Peru,4.8,2014
Samoa,4.8,2014
Ant.& Barb.,4.7,2014
Panama,4.7,2014
Botswana,4.6,2014
Namibia,4.6,2014
Montenegro,4.5,2014
Argentina,4.4,2014
Belize,4.4,2014
Croatia,4.4,2014
South Africa,4.3,2014
North Macedonia,4.2,2014
Romania,4.2,2014
Guyana,4.1,2014
Hungary,4.1,2014
S.T.&Principe,4.1,2014
Grenada,4,2014
Bulgaria,3.7,2014
Chile,3.7,2014
Greece,3.7,2014
Mauritius,3.7,2014
Cyprus,3.6,2014
Malta,3.6,2014
USA,3.5,2014
Micronesia,3.4,2014
Japan,3.3,2014
Latvia,3.3,2014
Bahamas,3.1,2014
Slovakia,3,2014
South Korea,2.9,2014
Barbados,2.8,2014
Italy,2.8,2014
Poland,2.8,2014
Lithuania,2.7,2014
Portugal,2.6,2014
Estonia,2.5,2014
Czechia,2.4,2014
Australia,2.3,2014
Costa Rica,2.3,2014
Slovenia,2.3,2014
France,2.2,2014
Spain,2.2,2014
Uruguay,2.2,2014
Canada,2.1,2014
UK,2.1,2014
Austria,2,2014
Germany,1.8,2014
Switzerland,1.7,2014
Denmark,1.6,2014
Norway,1.6,2014
Belgium,1.5,2014
Iceland,1.4,2014
Luxembourg,1.3,2014
Sweden,1.3,2014
Finland,1.2,2014
Ireland,1.2,2014
Netherlands,1.2,2014
New Zealand,1.1,2014
Somalia,10,2013
Chad,9.8,2013
DR Congo,9.8,2013
North Korea,9.7,2013
Egypt,9.6,2013
Syria,9.5,2013
China,9.4,2013
Eq. Guinea,9.4,2013
Iran,9.4,2013
Sudan,9.3,2013
Uzbekistan,9.2,2013
Eritrea,9.1,2013
Libya,9,2013
Sri Lanka,9,2013
Saudi Arabia,8.9,2013
Zimbabwe,8.9,2013
Ethiopia,8.7,2013
Pakistan,8.7,2013
Turkmenistan,8.7,2013
Yemen,8.7,2013
C.A. Republic,8.6,2013
Iraq,8.6,2013
Ivory Coast,8.6,2013
Nigeria,8.6,2013
Russia,8.6,2013
Afghanistan,8.4,2013
Guinea,8.4,2013
Tunisia,8.4,2013
Belarus,8.3,2013
Burma,8.3,2013
Laos,8.3,2013
Swaziland,8.3,2013
Tajikistan,8.2,2013
Cameroon,8.1,2013
Gambia,8,2013
Burundi,7.9,2013
Nepal,7.9,2013
Uganda,7.9,2013
Cambodia,7.8,2013
Togo,7.8,2013
Algeria,7.7,2013
Rwanda,7.7,2013
Venezuela,7.7,2013
Azerbaijan,7.6,2013
G.-Bissau,7.6,2013
Haiti,7.6,2013
Israel,7.6,2013
Kyrgyzstan,7.6,2013
Maldives,7.6,2013
Niger,7.6,2013
Bahrain,7.5,2013
Cuba,7.5,2013
Oman,7.5,2013
R. of Congo,7.5,2013
Vietnam,7.5,2013
Jordan,7.4,2013
Mauritania,7.4,2013
Angola,7.3,2013
Bangladesh,7.3,2013
Bhutan,7.3,2013
Colombia,7.3,2013
Fiji,7.3,2013
Thailand,7.3,2013
Kazakhstan,7.1,2013
Kenya,7.1,2013
Malaysia,7.1,2013
Djibouti,7,2013
Brunei,6.9,2013
Armenia,6.8,2013
Burkina Faso,6.8,2013
Gabon,6.8,2013
Kuwait,6.8,2013
Lebanon,6.8,2013
Malawi,6.8,2013
Philippines,6.7,2013
Zambia,6.7,2013
Comoros,6.6,2013
Guatemala,6.6,2013
Morocco,6.6,2013
Indonesia,6.5,2013
Mali,6.5,2013
Bosnia & Herz.,6.4,2013
Georgia,6.4,2013
Liberia,6.4,2013
Mozambique,6.4,2013
UA Emirates,6.4,2013
Bolivia,6.3,2013
Honduras,6.3,2013
Mexico,6.3,2013
Papua N.G.,6.2,2013
Senegal,6.2,2013
Tanzania,6.2,2013
El Salvador,6.1,2013
Paraguay,6.1,2013
Sierra Leone,6.1,2013
Albania,6,2013
Moldova,6,2013
India,5.9,2013
Madagascar,5.9,2013
Solomon Isl.,5.9,2013
Domin. Rep.,5.7,2013
Ukraine,5.7,2013
Qatar,5.6,2013
Serbia,5.5,2013
Turkey,5.5,2013
Lesotho,5.4,2013
Mongolia,5.4,2013
Nicaragua,5.4,2013
Suriname,5.4,2013
Brazil,5.3,2013
Seychelles,5.2,2013
Tr.&Tobago,5.2,2013
Benin,5.1,2013
Cape Verde,5.1,2013
Jamaica,5,2013
Peru,5,2013
Ecuador,4.9,2013
Namibia,4.9,2013
Singapore,4.9,2013
Croatia,4.7,2013
Ghana,4.7,2013
Samoa,4.5,2013
Ant.& Barb.,4.4,2013
Botswana,4.4,2013
Guyana,4.4,2013
Montenegro,4.4,2013
Panama,4.4,2013
North Macedonia,4.3,2013
S.T.&Principe,4.3,2013
South Africa,4.2,2013
Argentina,4.1,2013
Belize,4.1,2013
Romania,3.9,2013
Bulgaria,3.7,2013
Grenada,3.7,2013
Chile,3.5,2013
Mauritius,3.5,2013
Hungary,3.4,2013
Cyprus,3.3,2013
Malta,3.3,2013
Latvia,3.2,2013
USA,3.2,2013
Micronesia,3.1,2013
Greece,3,2013
Japan,3,2013
Slovakia,3,2013
Italy,2.9,2013
Lithuania,2.9,2013
Poland,2.9,2013
Bahamas,2.8,2013
Portugal,2.7,2013
South Korea,2.6,2013
Barbados,2.5,2013
Slovenia,2.5,2013
Costa Rica,2.4,2013
Czechia,2.4,2013
Estonia,2.4,2013
France,2.4,2013
Uruguay,2.3,2013
Australia,2.2,2013
Spain,2.2,2013
Austria,2,2013
Canada,2,2013
Germany,1.9,2013
Norway,1.9,2013
UK,1.8,2013
Denmark,1.7,2013
Switzerland,1.7,2013
Belgium,1.5,2013
Iceland,1.3,2013
Ireland,1.3,2013
Sweden,1.3,2013
New Zealand,1.2,2013
Finland,1.1,2013
Luxembourg,1,2013
Netherlands,1,2013
Somalia,9.9,2012
DR Congo,9.7,2012
North Korea,9.6,2012
Sudan,9.4,2012
Syria,9.4,2012
Chad,9.3,2012
Eq. Guinea,9.1,2012
Uzbekistan,9.1,2012
Egypt,9,2012
Libya,9,2012
Iran,8.9,2012
Zimbabwe,8.9,2012
Eritrea,8.7,2012
Guinea,8.7,2012
Sri Lanka,8.7,2012
Burma,8.6,2012
China,8.6,2012
Ethiopia,8.6,2012
Nigeria,8.6,2012
Pakistan,8.6,2012
Saudi Arabia,8.6,2012
Afghanistan,8.5,2012
C.A. Republic,8.5,2012
Tajikistan,8.5,2012
Turkmenistan,8.4,2012
Yemen,8.4,2012
Belarus,8.3,2012
Iraq,8.3,2012
Ivory Coast,8.3,2012
Swaziland,8.3,2012
Tunisia,8.3,2012
Laos,8.2,2012
Nepal,8.2,2012
Burundi,8.1,2012
Russia,8.1,2012
Rwanda,8,2012
Israel,7.9,2012
Niger,7.9,2012
Cameroon,7.8,2012
Kyrgyzstan,7.8,2012
Uganda,7.8,2012
Cambodia,7.7,2012
Haiti,7.7,2012
Venezuela,7.7,2012
Angola,7.6,2012
Gambia,7.5,2012
G.-Bissau,7.5,2012
Maldives,7.5,2012
Algeria,7.4,2012
Cuba,7.4,2012
Kenya,7.4,2012
Malaysia,7.4,2012
Togo,7.4,2012
Vietnam,7.4,2012
Azerbaijan,7.3,2012
Bhutan,7.3,2012
Mauritania,7.3,2012
Oman,7.2,2012
R. of Congo,7.2,2012
Thailand,7.2,2012
Jordan,7.1,2012
Kazakhstan,7.1,2012
Malawi,7.1,2012
Bahrain,7,2012
Burkina Faso,7,2012
Colombia,7,2012
Fiji,7,2012
Philippines,7,2012
Armenia,6.8,2012
Bangladesh,6.8,2012
Djibouti,6.8,2012
Gabon,6.8,2012
Indonesia,6.8,2012
Georgia,6.7,2012
Guatemala,6.7,2012
Mozambique,6.7,2012
Brunei,6.6,2012
Bolivia,6.5,2012
Kuwait,6.5,2012
Lebanon,6.5,2012
Senegal,6.5,2012
Tanzania,6.5,2012
El Salvador,6.4,2012
Morocco,6.4,2012
Sierra Leone,6.4,2012
Zambia,6.4,2012
Comoros,6.3,2012
Honduras,6.2,2012
Mexico,6.2,2012
Moldova,6.2,2012
Solomon Isl.,6.2,2012
Bosnia & Herz.,6.1,2012
Liberia,6.1,2012
Papua N.G.,6.1,2012
Paraguay,6.1,2012
Domin. Rep.,6,2012
Madagascar,6,2012
UA Emirates,5.9,2012
India,5.8,2012
Serbia,5.8,2012
Lesotho,5.7,2012
Mongolia,5.7,2012
Nicaragua,5.7,2012
Albania,5.5,2012
Seychelles,5.5,2012
Tr.&Tobago,5.5,2012
Benin,5.4,2012
Cape Verde,5.4,2012
Ukraine,5.4,2012
Qatar,5.3,2012
Suriname,5.3,2012
Turkey,5.3,2012
Ecuador,5.2,2012
Jamaica,5.2,2012
Namibia,5.2,2012
Brazil,5,2012
Singapore,5,2012
Peru,4.9,2012
Ant.& Barb.,4.8,2012
Botswana,4.7,2012
Guyana,4.7,2012
Montenegro,4.7,2012
Croatia,4.6,2012
Mali,4.6,2012
North Macedonia,4.6,2012
S.T.&Principe,4.6,2012
Ghana,4.5,2012
South Africa,4.5,2012
Panama,4.4,2012
Samoa,4.4,2012
Romania,4.2,2012
Bulgaria,4,2012
Grenada,4,2012
Belize,3.9,2012
Argentina,3.8,2012
Mauritius,3.8,2012
Latvia,3.5,2012
USA,3.5,2012
Cyprus,3.3,2012
Greece,3.3,2012
Slovakia,3.3,2012
Chile,3.2,2012
Hungary,3.2,2012
Italy,3.2,2012
Japan,3.2,2012
Malta,3.2,2012
Poland,3.2,2012
Bahamas,3.1,2012
Portugal,3,2012
Lithuania,2.9,2012
Barbados,2.8,2012
Micronesia,2.8,2012
Slovenia,2.8,2012
South Korea,2.8,2012
Costa Rica,2.7,2012
Czechia,2.7,2012
Estonia,2.7,2012
France,2.7,2012
Uruguay,2.6,2012
Spain,2.5,2012
Australia,2.2,2012
Norway,2.2,2012
UK,2.1,2012
Germany,2,2012
Switzerland,2,2012
Canada,1.9,2012
Austria,1.8,2012
Belgium,1.8,2012
Iceland,1.6,2012
Sweden,1.6,2012
Denmark,1.5,2012
New Zealand,1.5,2012
Finland,1.4,2012
Ireland,1.3,2012
Luxembourg,1.3,2012
Netherlands,1.3,2012
Somalia,9.7,2011
Sudan,9.7,2011
North Korea,9.5,2011
Eq. Guinea,9.4,2011
Chad,9.3,2011
DR Congo,9.2,2011
Guinea,9.2,2011
Zimbabwe,9.2,2011
Burma,9,2011
Iran,9,2011
Uzbekistan,9,2011
Eritrea,8.9,2011
Saudi Arabia,8.9,2011
Afghanistan,8.8,2011
China,8.8,2011
Pakistan,8.7,2011
Turkmenistan,8.7,2011
C.A. Republic,8.6,2011
Iraq,8.6,2011
Ivory Coast,8.6,2011
Nigeria,8.6,2011
Sri Lanka,8.6,2011
Syria,8.6,2011
Ethiopia,8.5,2011
Laos,8.5,2011
Nepal,8.5,2011
Tajikistan,8.5,2011
Egypt,8.3,2011
Libya,8.3,2011
Niger,8.2,2011
Rwanda,8.2,2011
Swaziland,8.2,2011
Cameroon,8.1,2011
Russia,8.1,2011
Belarus,8,2011
Burundi,8,2011
Cambodia,8,2011
Haiti,8,2011
Kyrgyzstan,8,2011
Israel,7.9,2011
G.-Bissau,7.8,2011
Kenya,7.7,2011
Togo,7.7,2011
Tunisia,7.7,2011
Vietnam,7.7,2011
Yemen,7.7,2011
Bhutan,7.6,2011
Algeria,7.5,2011
Angola,7.5,2011
Gambia,7.5,2011
R. of Congo,7.5,2011
Uganda,7.5,2011
Cuba,7.4,2011
Venezuela,7.4,2011
Philippines,7.3,2011
Thailand,7.3,2011
Azerbaijan,7.2,2011
Colombia,7.2,2011
Bangladesh,7.1,2011
Djibouti,7,2011
Malawi,7,2011
Maldives,7,2011
Mauritania,7,2011
Mozambique,7,2011
Georgia,6.9,2011
Guatemala,6.9,2011
Kazakhstan,6.9,2011
Malaysia,6.9,2011
Oman,6.9,2011
Jordan,6.8,2011
Brunei,6.7,2011
El Salvador,6.7,2011
Gabon,6.7,2011
Sierra Leone,6.7,2011
Comoros,6.6,2011
Lebanon,6.6,2011
Armenia,6.5,2011
Fiji,6.5,2011
Moldova,6.5,2011
Solomon Isl.,6.5,2011
Burkina Faso,6.4,2011
Morocco,6.4,2011
Paraguay,6.4,2011
Bolivia,6.3,2011
Domin. Rep.,6.3,2011
Honduras,6.3,2011
Indonesia,6.3,2011
Liberia,6.3,2011
Papua N.G.,6.3,2011
Kuwait,6.2,2011
Senegal,6.2,2011
Tanzania,6.2,2011
Bosnia & Herz.,6.1,2011
Zambia,6.1,2011
Lesotho,6,2011
Madagascar,6,2011
Mongolia,6,2011
Nicaragua,6,2011
Bahrain,5.9,2011
India,5.9,2011
Mexico,5.9,2011
Seychelles,5.8,2011
Benin,5.7,2011
Cape Verde,5.7,2011
Ecuador,5.7,2011
UA Emirates,5.7,2011
Suriname,5.6,2011
Namibia,5.5,2011
Ukraine,5.5,2011
Jamaica,5.3,2011
Serbia,5.3,2011
Peru,5.2,2011
Turkey,5.2,2011
Brazil,5.1,2011
Tr.&Tobago,5.1,2011
Albania,5,2011
Botswana,5,2011
Guyana,5,2011
Montenegro,5,2011
North Macedonia,5,2011
Qatar,5,2011
Mali,4.9,2011
S.T.&Principe,4.9,2011
Singapore,4.7,2011
South Africa,4.6,2011
Ant.& Barb.,4.5,2011
Ghana,4.5,2011
Panama,4.5,2011
Bulgaria,4.3,2011
Croatia,4.3,2011
Grenada,4.3,2011
Samoa,4.2,2011
Argentina,4,2011
Romania,4,2011
Belize,3.8,2011
Latvia,3.6,2011
Slovakia,3.6,2011
Mauritius,3.5,2011
Poland,3.5,2011
Malta,3.4,2011
Chile,3.3,2011
Cyprus,3.3,2011
Portugal,3.3,2011
USA,3.3,2011
Bahamas,3.2,2011
Greece,3.1,2011
Italy,3.1,2011
Lithuania,3.1,2011
Costa Rica,3,2011
Czechia,3,2011
Estonia,3,2011
Hungary,3,2011
Japan,3,2011
Slovenia,2.8,2011
South Korea,2.6,2011
Spain,2.6,2011
Barbados,2.5,2011
France,2.5,2011
Micronesia,2.5,2011
Uruguay,2.5,2011
Germany,2,2011
Switzerland,2,2011
UK,2,2011
Australia,1.9,2011
Norway,1.9,2011
Belgium,1.6,2011
Canada,1.6,2011
Iceland,1.6,2011
Sweden,1.6,2011
Austria,1.5,2011
Denmark,1.3,2011
Ireland,1.2,2011
New Zealand,1.2,2011
Finland,1.1,2011
Luxembourg,1,2011
Netherlands,1,2011
Somalia,9.9,2010
Sudan,9.9,2010
Chad,9.6,2010
Guinea,9.5,2010
North Korea,9.5,2010
Zimbabwe,9.5,2010
DR Congo,9.4,2010
Eq. Guinea,9.4,2010
Iran,9.4,2010
Uzbekistan,9.3,2010
Afghanistan,9.2,2010
Burma,9.1,2010
Iraq,9.1,2010
Saudi Arabia,9.1,2010
China,9,2010
Turkmenistan,9,2010
Pakistan,8.9,2010
C.A. Republic,8.8,2010
Nigeria,8.8,2010
Sri Lanka,8.8,2010
Syria,8.8,2010
Ethiopia,8.7,2010
Laos,8.7,2010
Nepal,8.7,2010
Tajikistan,8.7,2010
Niger,8.5,2010
Eritrea,8.4,2010
Haiti,8.3,2010
Ivory Coast,8.3,2010
Libya,8.3,2010
Egypt,8.2,2010
G.-Bissau,8.1,2010
Kenya,8,2010
Russia,8,2010
Yemen,8,2010
Belarus,7.9,2010
Bhutan,7.9,2010
Cameroon,7.8,2010
Israel,7.8,2010
Burundi,7.7,2010
Cambodia,7.7,2010
R. of Congo,7.7,2010
Swaziland,7.7,2010
Togo,7.7,2010
Algeria,7.6,2010
Kyrgyzstan,7.6,2010
Uganda,7.6,2010
Cuba,7.5,2010
Philippines,7.5,2010
Rwanda,7.5,2010
Tunisia,7.5,2010
Bangladesh,7.4,2010
Gambia,7.4,2010
Angola,7.3,2010
Georgia,7.3,2010
Malawi,7.3,2010
Maldives,7.3,2010
Mauritania,7.3,2010
Mozambique,7.3,2010
Vietnam,7.3,2010
Azerbaijan,7.2,2010
Venezuela,7.2,2010
Kazakhstan,7.1,2010
Jordan,7,2010
Thailand,7,2010
Brunei,6.9,2010
Colombia,6.9,2010
Guatemala,6.9,2010
Comoros,6.8,2010
Lebanon,6.8,2010
Malaysia,6.8,2010
Moldova,6.8,2010
Morocco,6.8,2010
Sierra Leone,6.8,2010
Solomon Isl.,6.8,2010
El Salvador,6.7,2010
Fiji,6.7,2010
Oman,6.7,2010
Paraguay,6.7,2010
Bolivia,6.6,2010
Burkina Faso,6.6,2010
Djibouti,6.6,2010
Domin. Rep.,6.5,2010
Indonesia,6.5,2010
Kuwait,6.5,2010
Liberia,6.5,2010
Armenia,6.4,2010
Gabon,6.4,2010
Mongolia,6.4,2010
Honduras,6.3,2010
Lesotho,6.3,2010
Papua N.G.,6.3,2010
Nicaragua,6.2,2010
India,6.1,2010
Cape Verde,6,2010
Senegal,6,2010
Bosnia & Herz.,5.9,2010
Seychelles,5.9,2010
Tanzania,5.9,2010
UA Emirates,5.9,2010
Zambia,5.9,2010
Ecuador,5.8,2010
Madagascar,5.8,2010
Mexico,5.8,2010
Namibia,5.8,2010
Suriname,5.8,2010
Serbia,5.6,2010
Benin,5.5,2010
Jamaica,5.5,2010
Peru,5.5,2010
Turkey,5.5,2010
Bahrain,5.4,2010
Brazil,5.4,2010
Tr.&Tobago,5.4,2010
Albania,5.3,2010
Montenegro,5.3,2010
Ukraine,5.3,2010
Guyana,5.2,2010
North Macedonia,5.1,2010
S.T.&Principe,5.1,2010
Mali,5,2010
Botswana,4.8,2010
Ant.& Barb.,4.7,2010
Ghana,4.7,2010
Qatar,4.7,2010
South Africa,4.7,2010
Bulgaria,4.6,2010
Grenada,4.6,2010
Croatia,4.5,2010
Panama,4.5,2010
Samoa,4.5,2010
Singapore,4.4,2010
Romania,4.3,2010
Argentina,3.8,2010
Belize,3.8,2010
Poland,3.8,2010
Slovakia,3.8,2010
Malta,3.7,2010
Mauritius,3.7,2010
USA,3.7,2010
Cyprus,3.6,2010
Latvia,3.5,2010
Portugal,3.5,2010
Chile,3.4,2010
Greece,3.4,2010
Costa Rica,3.3,2010
Czechia,3.3,2010
Estonia,3.3,2010
Hungary,3.3,2010
Lithuania,3.3,2010
Japan,3.2,2010
Italy,3,2010
Slovenia,3,2010
Bahamas,2.8,2010
Barbados,2.8,2010
Micronesia,2.8,2010
South Korea,2.8,2010
France,2.7,2010
Spain,2.5,2010
Uruguay,2.5,2010
Germany,2.3,2010
UK,2.3,2010
Switzerland,2.2,2010
Australia,2,2010
Canada,1.9,2010
Iceland,1.9,2010
Sweden,1.8,2010
Austria,1.6,2010
Norway,1.6,2010
Belgium,1.5,2010
Finland,1.5,2010
Ireland,1.5,2010
New Zealand,1.5,2010
Denmark,1.3,2010
Luxembourg,1.3,2010
Netherlands,1.3,2010
Somalia,9.9,2009
Zimbabwe,9.9,2009
Sudan,9.8,2009
Chad,9.5,2009
North Korea,9.5,2009
Iraq,9.3,2009
Eq. Guinea,9.2,2009
Uzbekistan,9.2,2009
Burma,9,2009
DR Congo,9,2009
Guinea,9,2009
C.A. Republic,8.9,2009
China,8.9,2009
Iran,8.9,2009
Pakistan,8.9,2009
Saudi Arabia,8.9,2009
Turkmenistan,8.9,2009
Afghanistan,8.8,2009
Nepal,8.7,2009
Nigeria,8.6,2009
Syria,8.6,2009
Tajikistan,8.6,2009
Ethiopia,8.5,2009
Haiti,8.5,2009
Ivory Coast,8.5,2009
Laos,8.5,2009
Sri Lanka,8.5,2009
Bhutan,8.4,2009
Egypt,8.4,2009
Russia,8.3,2009
Kenya,8.2,2009
Niger,8.2,2009
Libya,8.1,2009
Belarus,8,2009
Cameroon,8,2009
G.-Bissau,8,2009
Israel,8,2009
Eritrea,7.9,2009
R. of Congo,7.9,2009
Uganda,7.7,2009
Yemen,7.7,2009
Algeria,7.6,2009
Bangladesh,7.6,2009
Burundi,7.6,2009
Kyrgyzstan,7.6,2009
Togo,7.6,2009
Georgia,7.5,2009
Malawi,7.5,2009
Maldives,7.5,2009
Swaziland,7.5,2009
Cambodia,7.4,2009
Cuba,7.4,2009
Tunisia,7.4,2009
Rwanda,7.3,2009
Venezuela,7.3,2009
Angola,7.2,2009
Colombia,7.2,2009
Mozambique,7.2,2009
Vietnam,7.2,2009
Mauritania,7.1,2009
Azerbaijan,7,2009
Comoros,7,2009
Guatemala,7,2009
Moldova,7,2009
Philippines,7,2009
Sierra Leone,7,2009
Solomon Isl.,7,2009
El Salvador,6.9,2009
Gambia,6.9,2009
Jordan,6.9,2009
Kuwait,6.9,2009
Lebanon,6.9,2009
Paraguay,6.9,2009
Thailand,6.9,2009
Bolivia,6.8,2009
Brunei,6.8,2009
Kazakhstan,6.8,2009
Domin. Rep.,6.7,2009
Indonesia,6.7,2009
Liberia,6.7,2009
Morocco,6.7,2009
Mongolia,6.6,2009
Burkina Faso,6.5,2009
Lesotho,6.5,2009
Malaysia,6.5,2009
Papua N.G.,6.5,2009
Oman,6.4,2009
Gabon,6.3,2009
Honduras,6.3,2009
Cape Verde,6.2,2009
Djibouti,6.2,2009
Armenia,6.1,2009
Fiji,6.1,2009
Ecuador,6,2009
India,6,2009
Namibia,6,2009
Senegal,6,2009
Suriname,6,2009
Turkey,6,2009
Madagascar,5.9,2009
Seychelles,5.9,2009
Albania,5.8,2009
Nicaragua,5.8,2009
Serbia,5.8,2009
Tanzania,5.8,2009
UA Emirates,5.8,2009
Jamaica,5.7,2009
Benin,5.6,2009
Brazil,5.6,2009
Tr.&Tobago,5.6,2009
Zambia,5.6,2009
Mexico,5.5,2009
Montenegro,5.5,2009
Peru,5.5,2009
Ukraine,5.5,2009
Bosnia & Herz.,5.4,2009
Guyana,5.4,2009
North Macedonia,5.3,2009
S.T.&Principe,5.3,2009
Mali,5.2,2009
Ant.& Barb.,5,2009
Bahrain,5,2009
Botswana,5,2009
Bulgaria,4.8,2009
Croatia,4.7,2009
Ghana,4.7,2009
Grenada,4.7,2009
Panama,4.7,2009
Samoa,4.7,2009
Qatar,4.5,2009
Romania,4.5,2009
South Africa,4.5,2009
Singapore,4.3,2009
Argentina,4,2009
Belize,4,2009
Poland,4,2009
Slovakia,4,2009
USA,4,2009
Mauritius,3.9,2009
Cyprus,3.8,2009
Latvia,3.7,2009
Portugal,3.7,2009
Chile,3.6,2009
Greece,3.6,2009
Malta,3.6,2009
Costa Rica,3.5,2009
Czechia,3.5,2009
Estonia,3.5,2009
Hungary,3.5,2009
Lithuania,3.5,2009
Japan,3.4,2009
Slovenia,3.2,2009
Bahamas,3,2009
Barbados,3,2009
Micronesia,3,2009
France,2.9,2009
South Korea,2.7,2009
Spain,2.7,2009
Italy,2.6,2009
Australia,2.5,2009
Germany,2.5,2009
Uruguay,2.5,2009
UK,2.3,2009
Canada,2.1,2009
Iceland,2.1,2009
Belgium,1.7,2009
Finland,1.7,2009
New Zealand,1.7,2009
Switzerland,1.7,2009
Austria,1.6,2009
Sweden,1.6,2009
Denmark,1.5,2009
Ireland,1.5,2009
Luxembourg,1.5,2009
Norway,1.5,2009
Netherlands,1.2,2009
Burma,9.9,2008
Somalia,9.9,2008
Sudan,9.9,2008
Zimbabwe,9.8,2008
North Korea,9.7,2008
Iraq,9.6,2008
Turkmenistan,9.6,2008
Chad,9.5,2008
Eq. Guinea,9.5,2008
Pakistan,9.5,2008
Uzbekistan,9.2,2008
Saudi Arabia,9.1,2008
Ivory Coast,9,2008
China,8.9,2008
DR Congo,8.9,2008
Guinea,8.9,2008
Haiti,8.9,2008
Laos,8.9,2008
Belarus,8.8,2008
Nepal,8.8,2008
Syria,8.8,2008
Tajikistan,8.8,2008
C.A. Republic,8.7,2008
Iran,8.7,2008
Russia,8.7,2008
Egypt,8.5,2008
Ethiopia,8.5,2008
Afghanistan,8.4,2008
Bhutan,8.3,2008
Libya,8.1,2008
Bangladesh,8,2008
G.-Bissau,8,2008
Sri Lanka,8,2008
Israel,7.9,2008
Kyrgyzstan,7.9,2008
Niger,7.9,2008
R. of Congo,7.9,2008
Togo,7.9,2008
Uganda,7.9,2008
Cuba,7.8,2008
Malawi,7.8,2008
Maldives,7.7,2008
Algeria,7.6,2008
Angola,7.5,2008
Burundi,7.5,2008
Nigeria,7.5,2008
Swaziland,7.5,2008
Yemen,7.5,2008
Cameroon,7.4,2008
Eritrea,7.4,2008
Venezuela,7.4,2008
Rwanda,7.3,2008
Tunisia,7.3,2008
Colombia,7.2,2008
Kenya,7.2,2008
Cambodia,7.1,2008
Guatemala,7.1,2008
Moldova,7.1,2008
Paraguay,7.1,2008
Solomon Isl.,7.1,2008
Bolivia,7,2008
Domin. Rep.,7,2008
El Salvador,7,2008
Kuwait,7,2008
Lebanon,7,2008
Mozambique,7,2008
Sierra Leone,7,2008
Vietnam,7,2008
Azerbaijan,6.9,2008
Comoros,6.9,2008
Mauritania,6.9,2008
Brunei,6.8,2008
Gambia,6.8,2008
Indonesia,6.8,2008
Kazakhstan,6.8,2008
Lesotho,6.8,2008
Philippines,6.8,2008
Jordan,6.7,2008
Liberia,6.7,2008
Burkina Faso,6.6,2008
Morocco,6.6,2008
Oman,6.6,2008
Gabon,6.5,2008
Malaysia,6.5,2008
Cape Verde,6.4,2008
Ecuador,6.4,2008
Seychelles,6.3,2008
Djibouti,6.2,2008
Mongolia,6.2,2008
Thailand,6.2,2008
Honduras,6.1,2008
Papua N.G.,6.1,2008
Serbia,6.1,2008
India,6,2008
Madagascar,6,2008
Namibia,6,2008
Senegal,6,2008
Suriname,6,2008
Fiji,5.9,2008
Georgia,5.9,2008
Ukraine,5.9,2008
UA Emirates,5.9,2008
Tanzania,5.8,2008
Zambia,5.8,2008
Brazil,5.6,2008
Montenegro,5.6,2008
Ant.& Barb.,5.5,2008
Armenia,5.5,2008
Peru,5.5,2008
Turkey,5.5,2008
Albania,5.4,2008
Guyana,5.4,2008
Jamaica,5.4,2008
Nicaragua,5.4,2008
Tr.&Tobago,5.4,2008
Bosnia & Herz.,5.3,2008
North Macedonia,5.3,2008
S.T.&Principe,5.3,2008
Benin,5.2,2008
Mexico,5.1,2008
Qatar,5,2008
Grenada,4.9,2008
Botswana,4.8,2008
Romania,4.8,2008
Bahrain,4.7,2008
Bulgaria,4.7,2008
Panama,4.7,2008
Mali,4.6,2008
Samoa,4.6,2008
Croatia,4.5,2008
Ghana,4.5,2008
Singapore,4.3,2008
Slovakia,4.3,2008
South Africa,4.2,2008
USA,4.2,2008
Hungary,4,2008
Chile,3.9,2008
Greece,3.9,2008
Mauritius,3.9,2008
Belize,3.8,2008
Latvia,3.8,2008
Poland,3.8,2008
Argentina,3.7,2008
Costa Rica,3.5,2008
Cyprus,3.5,2008
Czechia,3.5,2008
Estonia,3.5,2008
Lithuania,3.5,2008
Malta,3.5,2008
Portugal,3.5,2008
Slovenia,3.5,2008
Japan,3.4,2008
France,3.2,2008
Bahamas,3,2008
Barbados,3,2008
Spain,2.8,2008
Germany,2.7,2008
South Korea,2.7,2008
UK,2.6,2008
Australia,2.5,2008
Micronesia,2.5,2008
Uruguay,2.5,2008
Iceland,2.1,2008
Italy,2.1,2008
Canada,2,2008
Switzerland,1.7,2008
Luxembourg,1.6,2008
Austria,1.5,2008
Belgium,1.5,2008
Denmark,1.5,2008
Finland,1.5,2008
Ireland,1.5,2008
New Zealand,1.5,2008
Norway,1.5,2008
Netherlands,1.4,2008
Sweden,1.4,2008
Sudan,10,2007
Burma,9.8,2007
Iraq,9.7,2007
North Korea,9.7,2007
Somalia,9.7,2007
Zimbabwe,9.7,2007
Turkmenistan,9.6,2007
Eq. Guinea,9.4,2007
Chad,9.2,2007
Ivory Coast,9.2,2007
Haiti,9.1,2007
China,9,2007
Uzbekistan,9,2007
DR Congo,8.9,2007
Nepal,8.8,2007
Saudi Arabia,8.8,2007
Iran,8.7,2007
Pakistan,8.7,2007
Guinea,8.6,2007
Tajikistan,8.6,2007
Belarus,8.5,2007
Bhutan,8.5,2007
Egypt,8.5,2007
Ethiopia,8.5,2007
Laos,8.5,2007
Russia,8.5,2007
Syria,8.5,2007
Afghanistan,8.2,2007
C.A. Republic,8.2,2007
Uganda,8.2,2007
Libya,8.1,2007
G.-Bissau,8,2007
Malawi,8,2007
Kyrgyzstan,7.9,2007
Paraguay,7.9,2007
R. of Congo,7.9,2007
Venezuela,7.9,2007
Bangladesh,7.8,2007
Cuba,7.8,2007
Togo,7.8,2007
Maldives,7.7,2007
Angola,7.5,2007
Burundi,7.5,2007
Sri Lanka,7.5,2007
Swaziland,7.5,2007
Algeria,7.4,2007
Colombia,7.4,2007
Eritrea,7.4,2007
Israel,7.4,2007
Rwanda,7.4,2007
Tunisia,7.3,2007
Cameroon,7.2,2007
Yemen,7.2,2007
Cambodia,7.1,2007
Guatemala,7.1,2007
Mauritania,7.1,2007
Niger,7.1,2007
Nigeria,7.1,2007
Solomon Isl.,7.1,2007
Bolivia,7,2007
Domin. Rep.,7,2007
Indonesia,7,2007
Kazakhstan,7,2007
Kenya,7,2007
Lebanon,7,2007
Mozambique,7,2007
Sierra Leone,7,2007
El Salvador,6.9,2007
Vietnam,6.9,2007
Gambia,6.8,2007
Moldova,6.8,2007
Philippines,6.8,2007
Gabon,6.7,2007
Lesotho,6.7,2007
Liberia,6.7,2007
Mongolia,6.7,2007
Seychelles,6.7,2007
Brunei,6.6,2007
Burkina Faso,6.6,2007
Comoros,6.6,2007
Ecuador,6.6,2007
Morocco,6.6,2007
Oman,6.6,2007
Kuwait,6.5,2007
Malaysia,6.5,2007
Azerbaijan,6.4,2007
Cape Verde,6.4,2007
Thailand,6.3,2007
Jordan,6.2,2007
Papua N.G.,6.1,2007
Serbia,6.1,2007
UA Emirates,6.1,2007
Djibouti,6,2007
Tanzania,6,2007
Fiji,5.9,2007
Ukraine,5.9,2007
Honduras,5.8,2007
Zambia,5.8,2007
Madagascar,5.7,2007
Namibia,5.7,2007
Suriname,5.7,2007
Guyana,5.6,2007
Montenegro,5.6,2007
Senegal,5.6,2007
Ant.& Barb.,5.5,2007
Armenia,5.5,2007
Albania,5.4,2007
Georgia,5.4,2007
India,5.4,2007
Jamaica,5.4,2007
Nicaragua,5.4,2007
Tr.&Tobago,5.4,2007
Bosnia & Herz.,5.3,2007
Brazil,5.3,2007
North Macedonia,5.3,2007
S.T.&Principe,5.3,2007
Peru,5.2,2007
Grenada,5.1,2007
Mexico,5.1,2007
Turkey,5.1,2007
Samoa,4.9,2007
Benin,4.8,2007
Botswana,4.8,2007
Romania,4.8,2007
Bahrain,4.7,2007
Bulgaria,4.7,2007
Panama,4.7,2007
Qatar,4.7,2007
Mali,4.6,2007
USA,4.6,2007
Croatia,4.5,2007
Ghana,4.5,2007
South Africa,4.1,2007
Hungary,4,2007
Singapore,4,2007
Greece,3.9,2007
Mauritius,3.9,2007
Slovakia,3.9,2007
Belize,3.8,2007
Latvia,3.8,2007
Argentina,3.7,2007
Chile,3.7,2007
Estonia,3.7,2007
Lithuania,3.7,2007
Costa Rica,3.5,2007
Cyprus,3.5,2007
Czechia,3.5,2007
Japan,3.5,2007
Malta,3.5,2007
Poland,3.5,2007
Slovenia,3.5,2007
Portugal,3.3,2007
France,3.2,2007
Bahamas,3,2007
Barbados,3,2007
Germany,2.9,2007
Spain,2.8,2007
South Korea,2.7,2007
UK,2.6,2007
Australia,2.5,2007
Micronesia,2.5,2007
Uruguay,2.5,2007
Iceland,2.1,2007
Canada,2,2007
Italy,1.8,2007
Switzerland,1.7,2007
Luxembourg,1.6,2007
Austria,1.5,2007
Belgium,1.5,2007
Denmark,1.5,2007
Finland,1.5,2007
Ireland,1.5,2007
New Zealand,1.5,2007
Norway,1.5,2007
Netherlands,1.4,2007
Sweden,1.4,2007
